Period,Institution,Catalogue,Throat,Latitude,Longitude,Zone,Population
1,iNat,72650306,3,28.94471,-109.255,A,1
0,MLZ,11294,1,28.7637,-109.635,A,1
0,MLZ,11295,2,28.7637,-109.635,A,1
1,iNat,11896468,1,28.76303,-109.635,A,1
1,iNat,67991251,1,28.36588,-109.422,A,1
1,iNat,39737243,3,27.52525,-109.245,A,2
1,iNat,42554570,1,27.48965,-109.772,A,2
1,iNat,42553665,4,27.48947,-109.772,A,2
1,iNat,37827883,1,27.26405,-107.913,A,2
1,iNat,37827882,1,27.26329,-107.913,A,2
1,iNat,41616098,5,27.25688,-107.912,A,2
1,iNat,6686243,4,27.10131,-108.717,A,2
1,iNat,36722983,1,27.09562,-108.709,A,2
1,iNat,36722972,1,27.09562,-108.709,A,2
1,iNat,11436742,3,27.05889,-108.678,A,2
1,iNat,3668445,1,27.0563,-108.681,A,2
1,iNat,11268727,1,27.05574,-108.684,A,2
1,iNat,11268729,4,27.05574,-108.684,A,2
1,iNat,11268732,1,27.05571,-108.683,A,2
1,iNat,11268726,1,27.05569,-108.684,A,2
1,iNat,11780398,1,27.05569,-108.684,A,2
1,iNat,12048005,1,27.05569,-108.683,A,2
1,iNat,11268725,2,27.05567,-108.684,A,2
1,iNat,11268724,4,27.05567,-108.684,A,2
1,iNat,12046257,4,27.04318,-108.734,A,2
1,iNat,12109089,4,27.02243,-108.74,A,2
0,WFVZ,1066,3,27.0202824,-108.618863,A,2
1,iNat,24643634,1,27.01757,-108.95,A,2
1,iNat,66727660,1,27.01682,-108.947,A,2
1,iNat,38714577,1,27.0163,-108.947,A,2
1,iNat,21025208,1,27.01537,-108.951,A,2
1,iNat,65449731,1,27.01503,-108.956,A,2
1,iNat,38325733,2,27.01203,-108.967,A,2
1,iNat,61902142,1,27.01151,-108.938,A,2
1,iNat,19566253,2,27.0107,-108.768,A,2
1,iNat,24807507,4,27.00424,-108.787,A,2
1,iNat,3667726,1,27.0033,-108.785,A,2
1,iNat,3667299,2,27.0033,-108.785,A,2
1,iNat,19478889,1,26.9993,-109.066,A,2
1,iNat,38837625,2,26.99801,-108.934,A,2
1,iNat,19566206,1,26.9824,-108.94,A,2
1,iNat,19566176,2,26.9824,-108.94,A,2
0,LACM,29779,2,26.9669543,-108.700534,A,2
1,iNat,747154,3,26.96408,-108.892,A,2
1,iNat,11441787,4,26.93927,-108.673,A,2
1,iNat,12063743,1,26.9387,-108.672,A,2
1,iNat,11821683,1,26.92646,-108.712,A,2
1,iNat,12109086,2,26.91717,-108.688,A,2
0,MLZ,11293,2,26.90293,-108.695,A,2
1,iNat,39103255,3,26.86334,-109.081,A,2
1,iNat,82889335,2,26.56936,-108.263,A,2
0,MLZ,11436,3,26.42985,-108.218,A,2
1,iNat,47305279,1,26.06134,-108.318,B,3
0,WFVZ,3954,1,25.6086701,-109.055535,B,3
0,MLZ,17387,2,25.36541,-107.55,B,3
0,MLZ,17388,1,25.36541,-107.55,B,3
1,iNat,10252957,1,25.29658,-107.713,B,3
0,MLZ,20066,1,25.12395,-106.686,B,3
0,MLZ,9480,4,25.08207,-108.056,B,3
1,iNat,82495578,1,25.05412,-107.553,B,3
1,iNat,82730589,2,25.05307,-107.551,B,3
1,iNat,85937377,1,25.04498,-107.549,B,3
1,iNat,65241406,1,25.04286,-107.543,B,3
1,iNat,68973009,1,25.03925,-107.544,B,3
1,iNat,65241438,1,25.03575,-107.543,B,3
1,iNat,82730756,2,25.03163,-107.542,B,3
1,iNat,44339657,1,25.03158,-107.542,B,3
1,iNat,74851477,1,25.03152,-107.542,B,3
1,iNat,68664095,1,25.03141,-107.543,B,3
1,iNat,70202672,2,25.03112,-107.542,B,3
1,iNat,78500015,1,25.03002,-107.537,B,3
1,iNat,59609159,2,25.02328,-107.527,B,3
1,iNat,59609160,2,25.02327,-107.527,B,3
1,iNat,44673688,2,25.01941,-107.534,B,3
1,iNat,44674615,2,25.0194,-107.534,B,3
1,iNat,74071986,1,25.01936,-107.535,B,3
1,iNat,74071980,1,25.01925,-107.535,B,3
1,iNat,38038586,2,25.01861,-107.541,B,3
0,LACM,18706,1,24.9120458,-107.513831,B,3
0,LACM,18707,1,24.9120458,-107.513831,B,3
0,LACM,18708,1,24.9120458,-107.513831,B,3
1,iNat,97921951,1,24.88576,-107.302,B,3
1,iNat,104100674,1,24.84131,-107.354,B,3
1,iNat,72317612,3,24.8375,-107.425,B,3
1,iNat,45184805,1,24.82378,-107.387,B,3
1,iNat,86507452,3,24.80819,-107.126,B,3
0,MLZ,19066,1,24.80737,-107.397,B,3
0,MLZ,5607,1,24.56948,-107.665,B,4
1,iNat,67103484,2,24.45142,-106.723,B,4
1,iNat,21707865,1,24.43514,-106.658,B,4
1,iNat,77297285,1,24.41364,-106.692,B,4
1,iNat,79349304,1,24.41359,-106.774,B,4
1,iNat,39781183,1,24.40419,-106.609,B,4
1,iNat,16618599,1,24.40402,-106.609,B,4
1,iNat,22261025,1,24.40402,-106.609,B,4
1,iNat,78159013,1,24.39888,-106.762,B,4
1,iNat,78164951,1,24.39846,-106.761,B,4
1,iNat,29887012,2,24.39785,-106.762,B,4
1,iNat,78239900,2,24.39778,-106.762,B,4
0,MLZ,16649,1,24.37444,-106.865,B,4
1,iNat,7466627,3,24.09071,-106.655,B,4
1,iNat,19548298,2,24.08812,-106.649,B,4
1,iNat,11434212,4,24.08472,-106.66,B,4
1,iNat,7041303,4,24.06723,-106.639,B,4
1,iNat,7041238,4,24.06629,-106.64,B,4
1,iNat,90687376,1,24.05905,-106.458,B,4
1,iNat,1897333,1,24.00131,-106.757,B,4
1,iNat,36208364,1,23.96985,-106.381,B,4
1,iNat,78776554,4,23.9501,-106.397,B,4
1,iNat,55301004,1,23.9442,-106.873,B,4
0,MLZ,18029,3,23.93931,-106.426,B,4
1,iNat,63989271,1,23.93357,-106.44,B,4
0,WFVZ,3940,2,23.9137523,-106.900484,B,4
1,iNat,77712824,1,23.90993,-106.349,B,4
1,iNat,77712309,1,23.90976,-106.349,B,4
1,iNat,42238997,1,23.89726,-106.323,B,4
1,iNat,49918623,1,23.89593,-106.324,B,4
1,iNat,44551100,1,23.89554,-106.326,B,4
1,iNat,42217335,2,23.89426,-106.328,B,4
1,iNat,42823217,1,23.89327,-106.33,B,4
1,iNat,41531700,1,23.89157,-106.33,B,4
1,iNat,43079962,1,23.89139,-106.33,B,4
1,iNat,44219440,2,23.89093,-106.325,B,4
1,iNat,41270796,3,23.88227,-106.326,B,4
1,iNat,41689940,3,23.8822,-106.326,B,4
1,iNat,102673102,2,23.84094,-106.41,B,4
1,iNat,105328327,1,23.83197,-106.661,B,4
1,iNat,5373957,4,23.79854,-106.469,B,4
1,iNat,77535057,1,23.79095,-106.598,B,4
1,iNat,48847256,2,23.78467,-106.291,B,4
1,iNat,37448108,1,23.7838,-106.36,B,4
1,iNat,45390348,1,23.78293,-106.229,B,4
1,iNat,5254974,1,23.78275,-106.862,B,4
1,iNat,42355410,1,23.76379,-106.393,B,4
1,iNat,72415450,1,23.76187,-106.247,B,4
1,iNat,48920111,3,23.75926,-106.372,B,4
1,iNat,49088050,1,23.75884,-106.302,B,4
1,iNat,24208330,2,23.74753,-106.233,B,4
1,iNat,37447714,3,23.74558,-106.266,B,4
1,iNat,42127714,1,23.7407,-106.201,B,4
1,iNat,37539258,4,23.73846,-106.216,B,4
1,iNat,72415456,1,23.73569,-106.314,B,4
1,iNat,27599126,1,23.72395,-106.257,B,4
1,iNat,66405917,1,23.72327,-106.257,B,4
1,iNat,66431351,1,23.72327,-106.257,B,4
1,iNat,66434061,1,23.72327,-106.257,B,4
1,iNat,54679356,1,23.71345,-106.355,B,4
1,iNat,37539630,4,23.71132,-106.266,B,4
1,iNat,81132589,1,23.71127,-106.216,B,4
1,iNat,47692024,1,23.70811,-106.366,B,4
1,iNat,40863737,1,23.70795,-106.309,B,4
1,iNat,41730491,1,23.70077,-106.218,B,4
1,iNat,71007745,2,23.69545,-106.343,B,4
1,iNat,77715307,2,23.69393,-106.593,B,4
1,iNat,42142459,1,23.68662,-106.368,B,4
1,iNat,1238160,1,23.68477,-106.591,B,4
1,iNat,78155512,1,23.68474,-106.591,B,4
1,iNat,9852502,1,23.68471,-106.591,B,4
1,iNat,78095765,1,23.6847,-106.591,B,4
1,iNat,77737526,1,23.68467,-106.591,B,4
1,iNat,78010908,2,23.68463,-106.593,B,4
1,iNat,77789129,2,23.68447,-106.596,B,4
1,iNat,14619012,2,23.67461,-106.599,B,4
1,iNat,9253564,2,23.6711,-106.606,B,4
1,iNat,39522454,1,23.65976,-106.319,B,4
1,iNat,38038270,1,23.65386,-106.676,B,4
1,iNat,80064964,4,23.65386,-106.676,B,4
1,iNat,37447647,2,23.65285,-106.298,B,4
1,iNat,44165528,1,23.64714,-106.235,B,4
1,iNat,24557768,1,23.64432,-106.231,B,4
1,iNat,24408499,1,23.64271,-106.378,B,4
1,iNat,19742443,5,23.64054,-106.366,B,4
1,iNat,24210429,4,23.6402,-106.366,B,4
1,iNat,48564120,1,23.63955,-106.319,B,4
1,iNat,21565726,1,23.63925,-106.361,B,4
1,iNat,24384285,1,23.63886,-106.359,B,4
1,iNat,39258975,1,23.63873,-106.359,B,4
1,iNat,38930820,2,23.63873,-106.359,B,4
1,iNat,49244102,1,23.63832,-106.237,B,4
1,iNat,24418729,1,23.63804,-106.366,B,4
1,iNat,23978101,1,23.63773,-106.375,B,4
1,iNat,38742695,1,23.63751,-106.374,B,4
1,iNat,24424275,1,23.63641,-106.369,B,4
1,iNat,45394124,4,23.63618,-106.351,B,4
1,iNat,38446435,3,23.63046,-106.256,B,4
1,iNat,52203482,1,23.62908,-106.328,B,4
1,iNat,38758883,4,23.62755,-106.221,B,4
1,iNat,68882550,1,23.62056,-106.767,B,4
1,iNat,38474918,3,23.62004,-106.233,B,4
1,iNat,24051596,1,23.6137,-106.333,B,4
1,iNat,24554398,1,23.61358,-106.333,B,4
1,iNat,24414041,2,23.61354,-106.333,B,4
1,iNat,24426450,1,23.61255,-106.335,B,4
1,iNat,24393120,2,23.61197,-106.334,B,4
1,iNat,42355924,2,23.6104,-106.383,B,4
1,iNat,38473564,2,23.60997,-106.289,B,4
1,iNat,47468986,2,23.60741,-106.219,B,4
1,iNat,39522530,1,23.60612,-106.366,B,4
1,iNat,44333768,1,23.6052,-106.217,B,4
1,iNat,48484505,1,23.60368,-106.354,B,4
1,iNat,47361425,2,23.60123,-106.329,B,4
1,iNat,10118823,1,23.60032,-106.713,B,4
1,iNat,38798852,1,23.59779,-106.558,B,4
1,iNat,9883387,5,23.59564,-106.725,B,4
1,iNat,9884071,2,23.58485,-106.694,B,4
1,iNat,24428098,1,23.58366,-106.329,B,4
1,iNat,7471968,1,23.58343,-106.693,B,4
1,iNat,7467047,1,23.56953,-106.615,B,4
1,iNat,19738891,1,23.55967,-106.326,B,4
1,iNat,70706839,1,23.55775,-106.468,B,4
1,iNat,39117330,1,23.55596,-106.471,B,4
0,MLZ,20308,1,23.53798,-106.183,B,4
1,iNat,24159211,1,23.51028,-106.59,B,4
1,iNat,24159212,1,23.51028,-106.59,B,4
1,iNat,39512155,1,23.50543,-106.546,B,4
0,MVZ,MVZ:Bird:116480,1,23.46889,-105.83417,B,4
0,WFVZ,49059,3,23.4621161,-105.81379,B,4
0,MVZ,MVZ:Bird:116479,1,23.42444,-105.9025,B,4
0,LACM,23899,1,23.3937789,-105.913792,B,4
0,LACM,23900,4,23.3937789,-105.913792,B,4
0,LACM,23901,1,23.3937789,-105.913792,B,4
0,LACM,23902,1,23.3937789,-105.913792,B,4
0,LACM,23903,1,23.3937789,-105.913792,B,4
1,iNat,20796345,1,23.37834,-105.918,B,4
1,iNat,104158296,1,23.3743,-105.916,B,4
1,iNat,38572761,5,23.37231,-106.38,B,4
1,iNat,7472654,1,23.36816,-105.97,B,4
1,iNat,71149579,1,23.35336,-106.424,B,4
0,DMNH,22600,1,23.3504507,-105.967133,B,4
0,DMNH,22601,3,23.3504507,-105.967133,B,4
0,DMNH,22602,1,23.3504507,-105.967133,B,4
1,iNat,19734606,1,23.33707,-105.949,B,4
1,iNat,24885427,1,23.33653,-106.455,B,4
1,iNat,67682306,4,23.31308,-106.477,C,5
1,iNat,71149574,1,23.30518,-106.42,C,5
1,iNat,77803389,4,23.30508,-106.437,C,5
1,iNat,24405515,3,23.30435,-106.482,C,5
1,iNat,77902570,4,23.30366,-106.441,C,5
1,iNat,64392298,2,23.30359,-106.44,C,5
1,iNat,12520310,1,23.30317,-106.437,C,5
1,iNat,17434845,1,23.30301,-106.435,C,5
1,iNat,17434848,1,23.30301,-106.435,C,5
1,iNat,68508467,1,23.30266,-106.439,C,5
1,iNat,17464539,2,23.3025,-106.44,C,5
1,iNat,40060838,1,23.3023,-106.424,C,5
1,iNat,7489487,1,23.30194,-106.018,C,5
1,iNat,40060770,5,23.30185,-106.425,C,5
1,iNat,63714371,1,23.30171,-106.442,C,5
1,iNat,6890984,1,23.30151,-106.44,C,5
1,iNat,22791551,2,23.30128,-106.442,C,5
1,iNat,69150368,1,23.30107,-106.441,C,5
1,iNat,24428025,2,23.30085,-106.441,C,5
1,iNat,68822509,1,23.30068,-106.439,C,5
1,iNat,97680372,1,23.30053,-106.438,C,5
1,iNat,25740746,1,23.3005,-106.442,C,5
1,iNat,22731508,2,23.30036,-106.444,C,5
1,iNat,76823099,1,23.30035,-106.444,C,5
1,iNat,4855651,1,23.30032,-106.442,C,5
1,iNat,68562748,1,23.30021,-106.439,C,5
1,iNat,77823317,1,23.30015,-106.441,C,5
1,iNat,24334040,2,23.30012,-106.438,C,5
1,iNat,66664245,1,23.3,-106.438,C,5
1,iNat,21605766,1,23.29997,-106.441,C,5
1,iNat,24403267,2,23.2998,-106.442,C,5
1,iNat,19538458,1,23.29971,-106.441,C,5
1,iNat,38931845,3,23.29965,-106.441,C,5
1,iNat,61413252,1,23.29962,-106.441,C,5
1,iNat,22174284,1,23.29958,-106.443,C,5
1,iNat,68527081,1,23.29957,-106.443,C,5
1,iNat,70585116,1,23.29957,-106.443,C,5
1,iNat,36073051,2,23.29957,-106.44,C,5
1,iNat,8786044,1,23.29956,-106.443,C,5
1,iNat,19541741,1,23.29956,-106.443,C,5
1,iNat,19765925,1,23.29956,-106.443,C,5
1,iNat,19765927,1,23.29956,-106.443,C,5
1,iNat,24245974,1,23.29956,-106.443,C,5
1,iNat,47862015,1,23.29956,-106.443,C,5
1,iNat,48975903,1,23.29956,-106.443,C,5
1,iNat,61317668,1,23.29956,-106.443,C,5
1,iNat,63711371,1,23.29956,-106.443,C,5
1,iNat,78259831,1,23.29956,-106.443,C,5
1,iNat,79403306,1,23.29956,-106.443,C,5
1,iNat,8553492,2,23.29956,-106.443,C,5
1,iNat,24248906,2,23.29956,-106.443,C,5
1,iNat,24303784,2,23.29956,-106.443,C,5
1,iNat,54554738,2,23.29956,-106.443,C,5
1,iNat,77662645,2,23.29956,-106.443,C,5
1,iNat,23302132,3,23.29956,-106.443,C,5
1,iNat,24303780,3,23.29956,-106.443,C,5
1,iNat,54554685,3,23.29956,-106.443,C,5
1,iNat,79415424,1,23.29955,-106.442,C,5
1,iNat,79415428,1,23.29955,-106.442,C,5
1,iNat,79428731,1,23.2995,-106.442,C,5
1,iNat,56341514,2,23.29949,-106.442,C,5
1,iNat,25962402,3,23.29948,-106.442,C,5
1,iNat,20975960,1,23.29947,-106.441,C,5
1,iNat,12016086,1,23.29944,-106.441,C,5
1,iNat,29964903,3,23.29944,-106.442,C,5
1,iNat,38487479,1,23.29942,-106.441,C,5
1,iNat,66481979,1,23.29942,-106.442,C,5
1,iNat,76060157,1,23.29942,-106.443,C,5
1,iNat,9997740,2,23.29942,-106.442,C,5
1,iNat,65482351,2,23.29942,-106.442,C,5
1,iNat,399265,1,23.29941,-106.444,C,5
1,iNat,75477839,1,23.29941,-106.443,C,5
1,iNat,4411198,2,23.2994,-106.443,C,5
1,iNat,38487457,1,23.29939,-106.441,C,5
1,iNat,10102542,1,23.29938,-106.441,C,5
1,iNat,12496986,1,23.29937,-106.44,C,5
1,iNat,25852439,3,23.29936,-106.441,C,5
1,iNat,35180235,1,23.29935,-106.442,C,5
1,iNat,66476480,1,23.29935,-106.442,C,5
1,iNat,66476486,1,23.29935,-106.442,C,5
1,iNat,38578764,2,23.29931,-106.443,C,5
1,iNat,605920,1,23.2993,-106.443,C,5
1,iNat,10149733,1,23.2993,-106.442,C,5
1,iNat,14420063,1,23.2993,-106.441,C,5
1,iNat,6108299,2,23.2993,-106.441,C,5
1,iNat,24336072,1,23.29928,-106.439,C,5
1,iNat,66396897,1,23.29928,-106.442,C,5
1,iNat,5140097,2,23.29928,-106.441,C,5
1,iNat,479826,4,23.29928,-106.441,C,5
1,iNat,1431187,1,23.29926,-106.441,C,5
1,iNat,524296,4,23.29926,-106.441,C,5
1,iNat,77621295,1,23.29923,-106.441,C,5
1,iNat,15311234,1,23.29922,-106.441,C,5
1,iNat,18600659,3,23.29922,-106.441,C,5
1,iNat,6421949,3,23.2992,-106.441,C,5
1,iNat,652532,1,23.29918,-106.443,C,5
1,iNat,429178,2,23.29918,-106.441,C,5
1,iNat,4235753,2,23.29915,-106.441,C,5
1,iNat,6418120,1,23.29914,-106.441,C,5
1,iNat,6422328,1,23.29913,-106.441,C,5
1,iNat,12494417,1,23.29913,-106.441,C,5
1,iNat,66468622,1,23.29913,-106.442,C,5
1,iNat,24474779,2,23.29913,-106.441,C,5
1,iNat,24422188,1,23.2991,-106.441,C,5
1,iNat,22171645,1,23.29909,-106.441,C,5
1,iNat,1710458,1,23.29908,-106.441,C,5
1,iNat,12485820,1,23.29908,-106.441,C,5
1,iNat,30334151,3,23.29906,-106.442,C,5
1,iNat,1710459,1,23.29905,-106.441,C,5
1,iNat,4174656,1,23.29904,-106.441,C,5
1,iNat,898792,1,23.299,-106.443,C,5
1,iNat,1146894,1,23.299,-106.443,C,5
1,iNat,1746581,1,23.299,-106.443,C,5
1,iNat,1854616,1,23.299,-106.443,C,5
1,iNat,2314364,1,23.299,-106.443,C,5
1,iNat,2458768,1,23.299,-106.443,C,5
1,iNat,2490149,1,23.299,-106.443,C,5
1,iNat,2499750,1,23.299,-106.443,C,5
1,iNat,2596871,1,23.299,-106.443,C,5
1,iNat,4879286,1,23.299,-106.443,C,5
1,iNat,5515181,1,23.299,-106.443,C,5
1,iNat,5914142,1,23.299,-106.443,C,5
1,iNat,6000628,1,23.299,-106.443,C,5
1,iNat,6461785,1,23.299,-106.443,C,5
1,iNat,7897888,1,23.299,-106.443,C,5
1,iNat,19363137,1,23.299,-106.443,C,5
1,iNat,21541483,1,23.299,-106.443,C,5
1,iNat,22905142,1,23.299,-106.443,C,5
1,iNat,29237354,1,23.299,-106.443,C,5
1,iNat,75954362,1,23.299,-106.443,C,5
1,iNat,1392562,2,23.299,-106.443,C,5
1,iNat,2817317,2,23.299,-106.443,C,5
1,iNat,1052232,3,23.299,-106.443,C,5
1,iNat,1183263,3,23.299,-106.443,C,5
1,iNat,1221277,3,23.299,-106.443,C,5
1,iNat,1291174,3,23.299,-106.443,C,5
1,iNat,4315289,3,23.299,-106.443,C,5
1,iNat,9980147,3,23.299,-106.443,C,5
1,iNat,6422323,1,23.29899,-106.44,C,5
1,iNat,37828410,1,23.29895,-106.442,C,5
1,iNat,37828443,3,23.29895,-106.442,C,5
1,iNat,3664838,1,23.29891,-106.441,C,5
1,iNat,2757059,1,23.2989,-106.441,C,5
1,iNat,12501440,1,23.29885,-106.442,C,5
1,iNat,12504588,1,23.29885,-106.442,C,5
1,iNat,12505714,4,23.29885,-106.442,C,5
1,iNat,36065777,1,23.29882,-106.441,C,5
1,iNat,37844615,3,23.29871,-106.443,C,5
1,iNat,17666233,1,23.29842,-106.442,C,5
1,iNat,89704474,1,23.29826,-106.444,C,5
1,iNat,24385995,3,23.29817,-106.442,C,5
1,iNat,24389346,2,23.29799,-106.443,C,5
1,iNat,89509113,1,23.29784,-106.444,C,5
1,iNat,71672368,1,23.29555,-106.433,C,5
1,iNat,7471993,3,23.28853,-106.367,C,5
0,DMNH,53289,1,23.2837833,-106.133796,C,5
1,iNat,23558689,3,23.24941,-106.411,C,5
1,iNat,10710710,2,23.24166,-106.27,C,5
1,iNat,81919493,1,23.2399,-105.919,C,5
0,LACM,83673,3,23.2354554,-106.148796,C,5
1,iNat,9031715,5,23.23241,-106.279,C,5
0,LACM,83672,1,23.2187854,-106.415471,C,5
0,MLZ,9931,1,23.06762,-105.605,C,5
0,MLZ,30855,3,23.0597,-105.854,C,5
1,iNat,26565084,1,23.02083,-105.854,C,5
1,iNat,45287163,1,22.88216,-105.355,C,5
1,iNat,71720186,1,22.8786,-105.78,C,5
1,iNat,7468218,1,22.87561,-105.796,C,5
1,iNat,27223978,3,22.77832,-105.943,C,5
1,iNat,98852522,1,22.77246,-105.932,C,5
1,iNat,98852523,2,22.77104,-105.928,C,5
1,iNat,17016745,1,22.77058,-105.906,C,5
1,iNat,99299877,1,22.77023,-105.922,C,5
1,iNat,117551005,1,22.75515,-105.9,C,5
1,iNat,117551006,1,22.75515,-105.9,C,5
0,MLZ,12933,2,22.73221,-105.534,C,5
0,MLZ,12934,1,22.73221,-105.534,C,5
0,MLZ,58494,2,22.42289,-105.349,C,5
0,MLZ,58658,2,22.42289,-105.349,C,5
0,DMNH,53290,2,22.3955556,-105.3638889,C,5
1,iNat,66171139,4,22.25572,-104.82,C,5
1,iNat,76313606,4,22.22272,-105.327,C,5
1,iNat,100195633,1,22.13389,-103.584,C,5
1,iNat,70341171,1,21.89352,-105.059,C,5
1,iNat,102883223,4,21.76009,-105.066,C,6
0,MVZ,MVZ:Bird:142281,4,21.7452289,-105.0794911,C,6
0,MLZ,67266,1,21.72093,-105.143,C,6
1,iNat,13497395,3,21.70774,-104.554,C,6
0,MVZ,MVZ:Bird:94780,2,21.70258441,-105.20639,C,6
1,iNat,55189682,3,21.68594,-105.052,C,6
1,iNat,33921353,2,21.57505,-104.899,C,6
1,iNat,40609053,1,21.57222,-105.06,C,6
1,iNat,41956448,1,21.57222,-105.06,C,6
1,iNat,46555422,1,21.57222,-105.06,C,6
1,iNat,48608547,2,21.57222,-105.06,C,6
1,iNat,41885280,3,21.57222,-105.06,C,6
1,iNat,32136758,1,21.56703,-105.084,C,6
1,iNat,18668976,1,21.56272,-105.08,C,6
1,iNat,69013283,1,21.54903,-105.06,C,6
0,MVZ,MVZ:Bird:142282,1,21.53944,-105.2125226,C,6
0,MVZ,MVZ:Bird:142283,1,21.53944,-105.2125226,C,6
0,MVZ,MVZ:Bird:142284,1,21.53944,-105.2125226,C,6
0,MVZ,MVZ:Bird:142285,1,21.53944,-105.2125226,C,6
0,MVZ,MVZ:Bird:142286,1,21.53944,-105.2561771,C,6
0,WFVZ,1975,1,21.5338682,-105.125439,C,6
0,WFVZ,1976,1,21.5338682,-105.125439,C,6
0,WFVZ,1977,4,21.5338682,-105.125439,C,6
0,WFVZ,3955,1,21.5338677,-105.287113,C,6
1,iNat,40568755,1,21.53081,-105.216,C,6
1,iNat,2931320,1,21.52999,-105.205,C,6
1,iNat,37550237,5,21.52475,-104.499,C,6
1,iNat,1806097,1,21.51085,-105.142,C,6
1,iNat,93045794,1,21.50733,-104.92,C,6
1,iNat,90041705,1,21.50679,-104.92,C,6
1,iNat,6232259,1,21.50389,-105.158,C,6
0,MLZ,21428,1,21.5008,-104.889,C,6
1,iNat,39913830,3,21.4941,-105.17,C,6
1,iNat,5087974,1,21.48614,-105.168,C,6
1,iNat,35520241,2,21.48276,-104.988,C,6
1,iNat,19856659,4,21.46324,-105.179,C,6
1,iNat,65893885,3,21.37976,-104.568,C,6
1,iNat,70942479,1,21.37863,-104.572,C,6
0,MVZ,MVZ:Bird:131533,1,21.34149233,-104.89389,C,6
1,iNat,14274833,1,21.30824,-104.818,C,6
1,iNat,39689768,1,21.30322,-104.671,C,6
1,iNat,26968491,5,21.29899,-100.509,C,6
1,iNat,79743049,1,21.27819,-100.509,C,6
0,MLZ,54077,1,21.25661,-104.646,C,6
0,MLZ,54078,1,21.25661,-104.646,C,6
1,iNat,9607004,2,21.23962,-104.964,C,6
1,iNat,68964690,4,21.17853,-105.222,C,6
0,MLZ,28594,3,21.16598,-105.224,C,6
1,iNat,30377205,1,21.13953,-105.215,C,6
1,iNat,6256198,1,21.13755,-104.921,C,6
1,iNat,84275436,3,21.12527,-105.236,C,6
1,iNat,22202682,3,21.00226,-105.312,C,6
1,iNat,33727006,1,20.92592,-104.994,C,6
1,iNat,37476946,4,20.92047,-105.405,C,6
1,iNat,87849498,2,20.91721,-105.406,C,6
1,iNat,166416,1,20.91438,-105.408,C,6
1,iNat,78086278,3,20.91193,-103.819,C,6
1,iNat,171319,1,20.91134,-105.41,C,6
1,iNat,71303986,5,20.9097,-105.412,C,6
1,iNat,10493147,5,20.90388,-103.715,C,6
1,iNat,5263130,3,20.90289,-105.406,C,6
1,iNat,4974868,3,20.90179,-105.407,C,6
1,iNat,21525082,1,20.90166,-105.415,C,6
1,iNat,5429446,2,20.89658,-105.409,C,6
1,iNat,6757014,3,20.89658,-105.409,C,6
1,iNat,5283826,2,20.89376,-105.406,C,6
1,iNat,5283949,1,20.89141,-105.398,C,6
1,iNat,4667137,1,20.88884,-105.399,C,6
1,iNat,75994057,2,20.88786,-105.42,C,6
1,iNat,68519810,1,20.88645,-105.39,C,6
1,iNat,68684302,1,20.88447,-103.845,C,6
1,iNat,69842868,5,20.88386,-103.845,C,6
1,iNat,88592829,2,20.88341,-105.418,C,6
1,iNat,70403518,5,20.88302,-103.846,C,6
1,iNat,8590548,3,20.88202,-103.847,C,6
1,iNat,102412868,1,20.87058,-105.438,C,6
1,iNat,1539003,1,20.86908,-105.419,C,6
1,iNat,2747779,1,20.86889,-105.441,C,6
1,iNat,6459946,1,20.86889,-105.441,C,6
1,iNat,6459947,1,20.86889,-105.441,C,6
1,iNat,15373761,1,20.86889,-105.441,C,6
1,iNat,6449044,1,20.86799,-105.442,C,6
1,iNat,4672272,5,20.86686,-105.482,C,6
1,iNat,72368864,1,20.86651,-105.441,C,6
1,iNat,752861,3,20.84213,-105.454,C,6
1,iNat,23448186,3,20.82947,-105.561,C,6
1,iNat,19063020,1,20.82887,-102.963,C,6
1,iNat,24662174,1,20.82865,-102.966,C,6
1,iNat,468156,2,20.82436,-105.389,C,6
1,iNat,103604782,3,20.81906,-104.981,C,6
1,iNat,77519476,1,20.8089,-105.077,C,6
1,iNat,99220202,3,20.80084,-105.34,C,6
0,MVZ,MVZ:Bird:142290,1,20.79893,-103.345119,C,6
1,iNat,5653199,1,20.79463,-105.428,C,6
1,iNat,67555878,3,20.77067,-105.517,C,6
1,iNat,75450334,1,20.76955,-105.451,C,6
1,iNat,607594,5,20.76445,-105.371,C,6
1,iNat,27482756,1,20.75119,-104.108,C,6
1,iNat,6080731,1,20.74574,-103.887,C,6
1,iNat,12183711,5,20.74151,-103.31,C,6
1,iNat,12734078,1,20.727,-104.009,C,6
1,iNat,9074209,1,20.72682,-104.032,C,6
1,iNat,1133816,1,20.7262,-103.291,C,6
1,iNat,74704890,1,20.72589,-104.015,C,6
1,iNat,11445153,1,20.72547,-104.014,C,6
1,iNat,12734087,3,20.7223,-104.02,C,6
1,iNat,3289150,1,20.71453,-104.03,C,6
1,iNat,41017183,1,20.71442,-104.03,C,6
1,iNat,4579171,1,20.71301,-104.038,C,6
1,iNat,41017188,1,20.71169,-104.029,C,6
1,iNat,41016972,1,20.70982,-104.027,C,6
1,iNat,2980529,2,20.70937,-104.027,C,6
1,iNat,6786189,1,20.70866,-104.039,C,6
1,iNat,5536295,5,20.70817,-103.397,C,6
0,MVZ,MVZ:Bird:142287,2,20.7058,-103.283,C,6
0,MVZ,MVZ:Bird:142288,1,20.7058,-103.283,C,6
0,MVZ,MVZ:Bird:142289,1,20.7058,-103.283,C,6
1,iNat,80288031,4,20.7051,-103.268,C,6
1,iNat,103776069,2,20.69985,-104.045,C,6
1,iNat,97263334,1,20.69694,-103.23,C,6
1,iNat,69546396,4,20.68852,-103.331,C,6
1,iNat,17812540,1,20.6594,-103.348,C,6
1,iNat,104134813,1,20.64204,-103.985,C,6
1,iNat,69831842,1,20.63991,-103.312,C,6
1,iNat,69907329,2,20.63963,-103.312,C,6
1,iNat,80958915,1,20.63456,-104.035,C,6
1,iNat,613609,1,20.62801,-104.036,C,6
1,iNat,69508802,1,20.62257,-105.106,C,6
1,iNat,41563284,1,20.62081,-100.451,C,6
1,iNat,41563276,1,20.6208,-100.451,C,6
1,iNat,13831239,1,20.59855,-104.019,C,6
1,iNat,14229017,1,20.59548,-104.012,C,6
1,iNat,5595075,1,20.58922,-103.912,C,6
1,iNat,29941947,1,20.58265,-103.946,C,6
1,iNat,76987880,1,20.57857,-105.196,C,6
1,iNat,9393743,1,20.53611,-104.73,C,6
1,iNat,76970569,5,20.53094,-105.29,C,6
1,iNat,76851102,4,20.50749,-105.31,D,7
1,iNat,37234588,1,20.4997,-100.342,D,7
1,iNat,1201797,4,20.48822,-105.448,D,7
1,iNat,5035164,1,20.48787,-105.448,D,7
1,iNat,8669698,2,20.48787,-105.448,D,7
1,iNat,31027991,2,20.48787,-105.448,D,7
1,iNat,38845452,2,20.48787,-105.448,D,7
1,iNat,21880913,3,20.48787,-105.448,D,7
1,iNat,104879468,3,20.48787,-105.448,D,7
1,iNat,6013653,4,20.48787,-105.448,D,7
1,iNat,5384124,5,20.48787,-105.448,D,7
1,iNat,1829933,1,20.48729,-105.443,D,7
1,iNat,2267627,1,20.48729,-105.443,D,7
1,iNat,4835414,1,20.48729,-105.443,D,7
1,iNat,3167248,2,20.48729,-105.443,D,7
1,iNat,1704358,3,20.48729,-105.443,D,7
1,iNat,21718055,1,20.48408,-105.435,D,7
1,iNat,21714070,5,20.48408,-105.435,D,7
1,iNat,40734282,4,20.48344,-105.434,D,7
0,DMNH,25748,5,20.4422601,-105.545445,D,7
1,iNat,251477,5,20.41994,-105.584,D,7
1,iNat,69689572,5,20.41347,-105.585,D,7
0,DMNH,25752,1,20.3717451,-105.3792285,D,7
1,iNat,35520977,1,20.35203,-105.308,D,7
1,iNat,73654461,5,20.34128,-105.35,D,7
1,iNat,72585369,1,20.34123,-105.35,D,7
1,iNat,70920910,3,20.34119,-105.349,D,7
1,iNat,72585305,2,20.34117,-105.35,D,7
1,iNat,611510,1,20.34112,-105.35,D,7
1,iNat,5195291,2,20.34077,-105.35,D,7
1,iNat,53325770,5,20.34076,-105.35,D,7
1,iNat,82229446,1,20.3407,-105.349,D,7
1,iNat,50144423,1,20.34067,-105.348,D,7
1,iNat,32579835,3,20.33812,-105.35,D,7
1,iNat,613224,1,20.3381,-105.346,D,7
1,iNat,35389436,3,20.33779,-105.345,D,7
1,iNat,35389437,5,20.33776,-105.345,D,7
0,DMNH,25747,5,20.3205966,-105.32544,D,7
1,iNat,611743,5,20.3192,-105.459,D,7
1,iNat,7569337,4,20.31897,-105.458,D,7
0,WFVZ,8516,5,20.3172668,-105.32544,D,7
1,iNat,35520973,5,20.31376,-105.405,D,7
1,iNat,5747011,5,20.29082,-104.062,D,7
1,iNat,72585360,1,20.28239,-105.376,D,7
1,iNat,73338706,5,20.2772,-105.379,D,7
1,iNat,37571837,3,20.2542,-104.086,D,7
1,iNat,37571839,5,20.25415,-104.085,D,7
1,iNat,37571834,5,20.25121,-104.081,D,7
1,iNat,77856308,5,20.22509,-105.207,D,7
0,DMNH,25749,4,20.2139318,-105.34044,D,7
0,DMNH,25750,5,20.1958333,-105.3405556,D,7
1,iNat,64943080,4,20.1346,-104.3,D,7
1,iNat,80959930,5,19.91379,-104.064,D,7
1,iNat,47366186,5,19.89302,-104.048,D,7
1,iNat,6046125,5,19.83504,-104.219,D,7
1,iNat,14678325,5,19.83134,-104.217,D,7
1,iNat,10718356,5,19.81726,-104.198,D,7
1,iNat,8971824,5,19.81322,-104.222,D,7
1,iNat,73422242,5,19.81291,-104.205,D,7
1,iNat,19748687,5,19.8072,-104.137,D,7
1,iNat,21347803,2,19.80684,-104.137,D,7
1,iNat,40341295,3,19.80516,-104.138,D,7
1,iNat,12504862,4,19.80505,-104.135,D,7
1,iNat,40341296,5,19.80501,-104.139,D,7
1,iNat,21369776,5,19.80216,-104.146,D,7
1,iNat,10483025,5,19.78811,-104.246,D,7
1,iNat,5642810,5,19.77527,-104.434,D,7
1,iNat,12286619,1,19.77193,-104.433,D,7
0,MVZ,MVZ:Bird:142258,5,19.76061705,-103.11972,D,7
1,iNat,10518514,1,19.75636,-104.054,D,7
1,iNat,5643047,4,19.75636,-104.054,D,7
1,iNat,74448864,5,19.70602,-104.157,D,7
1,iNat,74448863,4,19.70398,-104.156,D,7
1,iNat,6515570,5,19.7024,-104.115,D,7
1,iNat,41821724,5,19.70075,-104.204,D,7
1,iNat,13970366,5,19.68406,-104.141,D,7
1,iNat,96309917,5,19.65679,-104.319,D,7
1,iNat,37456069,3,19.59528,-99.0536,D,7
1,iNat,45329897,2,19.59468,-99.0539,D,7
1,iNat,26409769,5,19.57509,-105.084,D,7
1,iNat,75925945,1,19.57231,-99.1262,D,7
1,iNat,34119910,1,19.57208,-99.0577,D,7
1,iNat,23004053,5,19.54907,-105.082,D,7
1,iNat,7373906,1,19.5314,-99.0902,D,7
1,iNat,22313229,5,19.52604,-105.072,D,7
1,iNat,21706022,5,19.51853,-102.574,D,7
1,iNat,6085466,5,19.51741,-102.573,D,7
1,iNat,21704323,3,19.5174,-102.573,D,7
1,iNat,61509878,5,19.5174,-102.573,D,7
1,iNat,61509880,5,19.5174,-102.573,D,7
1,iNat,61113336,5,19.51693,-102.572,D,7
1,iNat,61113338,5,19.51693,-102.572,D,7
1,iNat,61113344,5,19.51693,-102.572,D,7
1,iNat,28555111,5,19.51178,-102.573,D,7
1,iNat,21097060,5,19.50223,-105.042,D,7
1,iNat,21097061,5,19.50223,-105.042,D,7
1,iNat,68558113,5,19.5001,-105.045,D,7
1,iNat,49066210,5,19.49907,-105.044,D,7
1,iNat,23004061,5,19.49773,-105.048,D,7
1,iNat,36989125,5,19.4877,-104.995,D,7
1,iNat,22130832,5,19.46923,-104.184,D,7
1,iNat,13512954,5,19.46785,-99.1954,D,7
1,iNat,60013713,5,19.46565,-105.04,D,7
0,WFVZ,1978,5,19.4556412,-104.665424,D,7
1,iNat,5310005,4,19.45447,-103.779,D,7
1,iNat,72586687,5,19.44908,-105.026,D,7
1,iNat,4297425,5,19.44755,-105.032,D,7
1,iNat,69268657,5,19.42342,-104.981,D,7
1,iNat,31236839,4,19.41892,-103.793,D,7
0,MLZ,24330,5,19.41787,-100.909,D,7
0,MLZ,24331,5,19.41787,-100.909,D,7
0,MLZ,24332,5,19.41787,-100.909,D,7
0,WFVZ,7178,5,19.3989765,-103.587072,D,7
0,WFVZ,7179,5,19.3989765,-103.587072,D,7
1,iNat,65239222,1,19.38981,-99.2741,D,7
1,iNat,33163058,5,19.36959,-104.087,D,7
1,iNat,480677,1,19.35138,-99.1262,D,7
1,iNat,55467186,5,19.32593,-103.942,D,7
1,iNat,3133960,5,19.29616,-99.193,D,7
1,iNat,80749742,5,19.2789,-104.239,D,7
1,iNat,1274726,1,19.27428,-99.1775,D,7
1,iNat,79363828,5,19.26125,-104.147,D,7
0,MVZ,MVZ:Bird:142259,5,19.251592,-103.50709,D,7
0,MVZ,MVZ:Bird:142260,5,19.251592,-103.50709,D,7
1,iNat,86997137,5,19.24951,-104.798,D,7
1,iNat,91532894,5,19.24845,-104.799,D,7
0,MLZ,36634,5,19.2461,-104.533,D,7
0,MLZ,36635,5,19.2461,-104.533,D,7
0,MLZ,36636,5,19.2461,-104.533,D,7
0,MLZ,36637,5,19.2461,-104.533,D,7
0,MLZ,36638,5,19.2461,-104.533,D,7
0,MLZ,36639,5,19.2461,-104.533,D,7
0,MLZ,36730,5,19.2461,-104.533,D,7
0,MLZ,36734,5,19.2461,-104.533,D,7
0,MLZ,53636,5,19.2461,-104.533,D,7
1,iNat,40048489,5,19.24523,-103.724,D,7
0,MVZ,MVZ:Bird:142261,5,19.24323556,-103.8444233,D,7
0,MVZ,MVZ:Bird:142262,5,19.24323556,-103.8444233,D,7
0,MVZ,MVZ:Bird:142263,5,19.24323556,-103.8444233,D,7
0,MVZ,MVZ:Bird:142264,5,19.24323556,-103.8444233,D,7
0,MVZ,MVZ:Bird:142265,5,19.24323556,-103.8444233,D,7
0,MVZ,MVZ:Bird:142266,5,19.24323556,-103.8444233,D,7
0,MVZ,MVZ:Bird:142267,5,19.24323556,-103.8444233,D,7
0,MVZ,MVZ:Bird:142268,5,19.24323556,-103.8444233,D,7
0,MVZ,MVZ:Bird:142269,5,19.24323556,-103.8444233,D,7
0,MVZ,MVZ:Bird:142270,5,19.24323556,-103.8444233,D,7
0,MVZ,MVZ:Bird:142271,5,19.24323556,-103.8444233,D,7
0,MVZ,MVZ:Bird:142272,1,19.24323556,-103.8444233,D,7
0,MVZ,MVZ:Bird:142273,1,19.24323556,-103.8444233,D,7
0,MVZ,MVZ:Bird:142274,5,19.24323556,-103.8444233,D,7
0,MVZ,MVZ:Bird:142275,5,19.24323556,-103.8444233,D,7
0,MVZ,MVZ:Bird:142276,5,19.24323556,-103.8444233,D,7
0,MLZ,53154,5,19.2385,-103.622,D,7
0,MLZ,53155,5,19.2385,-103.622,D,7
0,MLZ,53635,5,19.2385,-103.622,D,7
1,iNat,61638466,5,19.22496,-104.715,D,7
1,iNat,42973162,5,19.22406,-104.715,D,7
1,iNat,40398443,5,19.20811,-104.636,D,7
1,iNat,72336366,5,19.18575,-103.671,D,7
1,iNat,70903290,5,19.18572,-103.67,D,7
1,iNat,68748495,5,19.18553,-103.67,D,7
1,iNat,73363505,5,19.18399,-103.672,D,7
1,iNat,29291828,5,19.1833,-102.004,D,7
1,iNat,1148012,5,19.1811,-103.692,D,7
0,MLZ,56462,5,19.18043,-101.93,D,7
1,iNat,32919311,4,19.17613,-103.871,D,7
0,WFVZ,7176,5,19.1689873,-103.930408,D,7
1,iNat,12507632,5,19.16817,-103.342,D,7
1,iNat,12507638,5,19.16813,-103.341,D,7
1,iNat,9378777,5,19.1679,-102.019,D,7
1,iNat,9486006,5,19.16775,-102.019,D,7
1,iNat,9486005,5,19.16757,-102.019,D,7
1,iNat,9378789,5,19.16753,-102.019,D,7
1,iNat,103689375,5,19.16158,-103.884,D,7
1,iNat,5176383,5,19.15668,-102.054,D,7
1,iNat,251189,5,19.1566,-103.938,D,7
1,iNat,80620665,5,19.14878,-104.404,D,7
1,iNat,97957120,5,19.14878,-104.404,D,7
1,iNat,102645380,5,19.14878,-104.404,D,7
0,MLZ,25461,5,19.14581,-102.321,D,7
0,MLZ,25462,5,19.14581,-102.321,D,7
0,MLZ,25469,5,19.14581,-102.321,D,7
0,MLZ,25470,5,19.14581,-102.321,D,7
0,MLZ,25471,5,19.14581,-102.321,D,7
1,iNat,25971765,5,19.14409,-104.509,D,7
1,iNat,42279182,5,19.11526,-103.854,D,7
1,iNat,49058100,5,19.11381,-104.338,D,7
1,iNat,24149216,5,19.108,-104.402,D,7
1,iNat,12436662,5,19.10398,-104.399,D,8
1,iNat,7245903,5,19.10369,-104.402,D,8
1,iNat,79311748,5,19.09942,-103.681,D,8
1,iNat,25145227,5,19.06385,-102.003,D,8
1,iNat,29292633,5,19.06362,-102.003,D,8
1,iNat,102262326,5,19.049,-103.9,D,8
1,iNat,70235963,5,19.0439,-104.258,D,8
0,MLZ,54878,5,19.03817,-100.736,D,8
0,MLZ,54879,5,19.03817,-100.736,D,8
0,MLZ,54880,5,19.03817,-100.736,D,8
1,iNat,5228198,1,19.03015,-98.1861,D,8
0,MLZ,56459,5,19.01587,-102.253,D,8
0,MLZ,56460,5,19.01587,-102.253,D,8
0,MLZ,56461,5,19.01587,-102.253,D,8
1,iNat,10490150,5,18.99721,-98.1039,D,8
1,iNat,9824459,1,18.96132,-99.2496,D,8
1,iNat,9378822,5,18.93516,-101.817,D,8
0,WFVZ,7180,5,18.9339988,-104.068741,D,8
1,iNat,52321140,1,18.92421,-99.2216,D,8
1,iNat,52321141,1,18.92421,-99.2216,D,8
0,MVZ,MVZ:Bird:153369,5,18.91861111,-99.09666667,D,8
1,iNat,9605567,5,18.917,-103.881,D,8
0,MVZ,MVZ:Bird:153368,5,18.8922,-99.1297,D,8
1,iNat,19854750,5,18.88793,-101.618,D,8
1,iNat,70964629,5,18.88031,-101.625,D,8
1,iNat,19543072,5,18.7802,-97.2055,D,8
1,iNat,3846839,5,18.76171,-99.1206,D,8
1,iNat,14697695,5,18.76001,-99.1051,D,8
1,iNat,25981411,5,18.73086,-99.1119,D,8
1,iNat,13453893,5,18.72931,-99.091,D,8
1,iNat,64213870,4,18.60586,-98.7167,D,8
1,iNat,14077507,5,18.5747,-99.3462,D,8
1,iNat,267423,5,18.55511,-103.632,D,8
1,iNat,267680,5,18.55511,-103.632,D,8
0,MVZ,MVZ:Bird:131521,4,18.49055556,-98.39638889,D,8
0,MVZ,MVZ:Bird:131522,4,18.49055556,-98.39638889,D,8
1,iNat,88353933,5,18.45958,-99.0319,D,8
1,iNat,5307929,5,18.45405,-99.1187,D,8
1,iNat,3756087,5,18.449,-99.1156,D,8
1,iNat,88353914,5,18.44711,-99.0262,D,8
1,iNat,104797727,5,18.43729,-99.0316,D,8
1,iNat,22181175,5,18.43677,-99.0205,D,8
1,iNat,65058855,5,18.407,-99.0092,D,8
1,iNat,7203354,5,18.33675,-98.9578,D,8
0,MLZ,28852,5,18.30246,-100.979,D,8
0,MLZ,28853,5,18.30246,-100.979,D,8
1,iNat,1082688,5,18.25995,-98.5779,D,8
0,MLZ,38106,5,18.23051,-98.1749,D,8
0,MLZ,38107,3,18.23051,-98.1749,D,8
0,MLZ,38108,3,18.23051,-98.1749,D,8
1,iNat,690466,5,18.19543,-101.696,D,8
1,iNat,67096871,5,18.16474,-98.1799,D,8
1,iNat,98621963,5,18.14931,-97.1373,D,8
1,iNat,19087784,5,18.09866,-102.68,D,8
1,iNat,5375938,5,18.05995,-98.9766,D,8
1,iNat,37111150,5,18.0335,-102.326,D,8
1,iNat,5292282,5,18.02954,-98.9201,D,8
1,iNat,5376596,5,18.02303,-98.887,D,8
1,iNat,5376601,5,18.02303,-98.887,D,8
1,iNat,5376792,5,18.02303,-98.887,D,8
1,iNat,12969319,5,17.9511,-99.653,D,8
0,MLZ,58660,5,17.92408,-99.5604,D,8
0,MLZ,45970,5,17.85245,-99.5733,D,8
1,iNat,63298827,5,17.68601,-101.636,E,9
1,iNat,18568192,5,17.68554,-101.633,E,9
1,iNat,18567828,5,17.6849,-101.633,E,9
1,iNat,25337050,5,17.68205,-101.625,E,9
1,iNat,99111229,5,17.67455,-101.64,E,9
1,iNat,2928340,5,17.674,-101.641,E,9
1,iNat,2658801,5,17.67198,-101.619,E,9
1,iNat,704367,5,17.67069,-101.64,E,9
1,iNat,24410260,5,17.66715,-101.605,E,9
1,iNat,73147118,5,17.65445,-101.592,E,9
1,iNat,100319187,5,17.65415,-101.588,E,9
1,iNat,102889525,5,17.65318,-101.598,E,9
1,iNat,53398931,5,17.65304,-101.599,E,9
1,iNat,22964892,5,17.65279,-101.599,E,9
1,iNat,29359638,4,17.65253,-101.597,E,9
1,iNat,29291610,5,17.65232,-101.599,E,9
1,iNat,29291612,5,17.6523,-101.599,E,9
1,iNat,7142351,5,17.65227,-101.596,E,9
1,iNat,15026927,5,17.65195,-101.599,E,9
1,iNat,15020111,5,17.65188,-101.599,E,9
1,iNat,14995513,5,17.65168,-101.597,E,9
1,iNat,14992525,5,17.65152,-101.599,E,9
1,iNat,29354845,5,17.65016,-101.598,E,9
1,iNat,29354843,5,17.65014,-101.598,E,9
1,iNat,75539798,5,17.64737,-101.596,E,9
1,iNat,13993578,5,17.64167,-101.552,E,9
1,iNat,103467788,5,17.64167,-101.552,E,9
1,iNat,66021812,5,17.64121,-101.579,E,9
1,iNat,37073893,5,17.638,-101.596,E,9
0,LACM,19159,5,17.6340703,-101.567026,E,9
0,LACM,19160,5,17.6340703,-101.567026,E,9
0,WFVZ,64,5,17.6340703,-101.567026,E,9
0,WFVZ,65,5,17.6340703,-101.567026,E,9
1,iNat,19611288,5,17.62981,-101.544,E,9
1,iNat,28960357,5,17.62819,-101.544,E,9
1,iNat,38414427,5,17.62819,-101.539,E,9
1,iNat,9063359,5,17.62256,-101.548,E,9
1,iNat,44101718,5,17.60819,-101.481,E,9
1,iNat,66924543,5,17.58216,-101.432,E,9
1,iNat,66924556,5,17.58216,-101.432,E,9
1,iNat,67088579,5,17.58216,-101.432,E,9
1,iNat,71139406,5,17.56403,-101.432,E,9
1,iNat,63606166,5,17.56344,-101.432,E,9
0,MVZ,MVZ:Bird:111646,5,17.55666667,-99.68555556,E,9
0,MVZ,MVZ:Bird:111641,5,17.55138889,-99.50083333,E,9
1,iNat,67046306,5,17.53299,-101.444,E,9
0,MLZ,30236,5,17.5062,-99.6364,E,9
1,iNat,50827661,5,17.42409,-99.242,E,9
0,MLZ,29492,5,17.41222,-99.2432,E,9
1,iNat,4175692,5,17.40656,-99.1604,E,9
0,DMNH,40701,5,17.3625171,-99.4672966,E,9
0,DMNH,40702,5,17.3625171,-99.4672966,E,9
0,DMNH,38954,5,17.3508333,-99.5669444,E,9
0,DMNH,40700,5,17.3508333,-99.5669444,E,9
0,DMNH,38953,5,17.3341667,-99.8352778,E,9
0,MLZ,58659,5,17.27418,-100.695,E,9
0,MLZ,58661,5,17.27418,-100.695,E,9
0,MLZ,58662,5,17.27418,-100.695,E,9
0,MLZ,58664,5,17.27418,-100.695,E,9
0,MLZ,58665,5,17.27418,-100.695,E,9
0,MLZ,49667,5,17.2,-100.433,E,9
0,MLZ,49668,5,17.2,-100.433,E,9
0,MVZ,MVZ:Bird:111647,5,17.16555556,-99.52638889,E,9
0,MVZ,MVZ:Bird:111648,5,17.16555556,-99.52638889,E,9
1,iNat,22928275,5,17.12705,-99.8369,E,9
1,iNat,54597957,5,17.11223,-99.9116,E,9
1,iNat,12974177,5,16.97102,-99.7755,E,9
1,iNat,9416401,5,16.96427,-100.138,E,9
0,MVZ,MVZ:Bird:129481,5,16.96361111,-93.10972222,E,9
0,MVZ,MVZ:Bird:129482,5,16.96361111,-93.10972222,E,9
0,MVZ,MVZ:Bird:129483,5,16.96361111,-93.10972222,E,9
0,MVZ,MVZ:Bird:129484,5,16.96361111,-93.10972222,E,9
0,MVZ,MVZ:Bird:129485,5,16.96361111,-93.10972222,E,9
0,MVZ,MVZ:Bird:129486,5,16.96361111,-93.10972222,E,9
1,iNat,69336933,5,16.96086,-97.9263,E,9
0,MVZ,MVZ:Bird:131526,5,16.95166667,-93.24194444,E,9
0,MVZ,MVZ:Bird:129487,5,16.94388889,-93.20694444,E,9
1,iNat,34467349,5,16.93054,-99.0856,E,9
1,iNat,6860543,5,16.90767,-93.1611,E,9
0,MVZ,MVZ:Bird:94779,5,16.9075,-99.89777778,E,9
1,iNat,38124100,5,16.90638,-93.0942,E,9
0,MVZ,MVZ:Bird:142278,4,16.90583333,-95.04166667,E,9
0,MVZ,MVZ:Bird:142279,5,16.90583333,-95.04166667,E,9
0,MVZ,MVZ:Bird:142280,4,16.90583333,-95.04166667,E,9
0,MVZ,MVZ:Bird:126137,5,16.89694444,-99.95361111,E,9
0,MVZ,MVZ:Bird:126138,4,16.89694444,-99.95361111,E,9
1,iNat,6744605,5,16.89213,-95.5391,E,9
0,MVZ,MVZ:Bird:129488,5,16.88527778,-93.20694444,E,9
1,iNat,47573599,5,16.87366,-97.7605,E,9
0,MVZ,MVZ:Bird:111642,5,16.87111111,-99.89777778,E,9
0,MVZ,MVZ:Bird:111643,5,16.87111111,-99.89777778,E,9
0,MVZ,MVZ:Bird:111644,5,16.87111111,-99.89777778,E,9
0,MVZ,MVZ:Bird:111645,5,16.87111111,-99.89777778,E,9
0,MVZ,MVZ:Bird:57224,5,16.87111111,-99.89777778,E,9
0,MVZ,MVZ:Bird:129489,5,16.87083333,-93.20694444,E,9
0,MVZ,MVZ:Bird:129490,5,16.87083333,-93.20694444,E,9
0,DMNH,6611,5,16.8642965,-99.9071042,E,9
0,DMNH,6612,5,16.8642965,-99.9071042,E,9
1,iNat,1238969,5,16.86361,-99.8825,E,9
1,iNat,41058728,5,16.84501,-93.0842,E,9
1,iNat,5630565,5,16.84251,-95.5523,E,9
1,iNat,71139592,5,16.83614,-99.8403,E,9
1,iNat,71139607,5,16.83613,-99.8402,E,9
1,iNat,71112328,5,16.8361,-99.8403,E,9
1,iNat,71987993,5,16.83512,-93.284,E,9
1,iNat,47988859,5,16.83493,-99.8443,E,9
1,iNat,1816085,5,16.8338,-93.0665,E,9
1,iNat,6813978,5,16.831,-95.5095,E,9
1,iNat,6852511,5,16.83013,-93.091,E,9
1,iNat,193872,5,16.82714,-99.8461,E,9
1,iNat,41663930,5,16.8271,-93.0837,E,9
1,iNat,65856989,5,16.8246,-99.9095,E,9
1,iNat,8753274,5,16.82379,-99.9091,E,9
1,iNat,104136992,5,16.82379,-99.9076,E,9
1,iNat,1174975,5,16.82351,-99.9071,E,9
1,iNat,69387485,5,16.82242,-93.2826,E,9
1,iNat,71531620,5,16.82222,-99.9083,E,9
1,iNat,8753269,5,16.82221,-99.9134,E,9
1,iNat,4857103,5,16.82135,-99.9061,E,9
1,iNat,2534488,5,16.82129,-99.9088,E,9
1,iNat,1045833,5,16.82113,-99.9101,E,9
1,iNat,40681112,5,16.82023,-93.0703,E,9
1,iNat,4764421,5,16.81941,-93.0767,E,9
1,iNat,63113876,5,16.81899,-99.9065,E,9
1,iNat,5488713,5,16.81063,-93.0834,E,9
1,iNat,7325291,5,16.8094,-93.0952,E,9
1,iNat,18023737,5,16.80895,-93.474,E,9
1,iNat,70695370,5,16.80867,-93.4741,E,9
1,iNat,46515980,5,16.80854,-93.4746,E,9
1,iNat,4423133,5,16.80781,-93.0955,E,9
1,iNat,2714467,5,16.80762,-93.4747,E,9
1,iNat,30055494,5,16.80267,-99.8338,E,9
0,WFVZ,3528,5,16.8007944,-93.2285111,E,9
0,WFVZ,3961,5,16.8007944,-93.2285111,E,9
1,iNat,101591598,5,16.79828,-99.8251,E,9
1,iNat,24139223,5,16.79726,-93.0936,E,9
1,iNat,24111901,5,16.79337,-93.0768,E,9
0,MVZ,MVZ:Bird:129491,5,16.79305556,-93.09888889,E,9
0,MVZ,MVZ:Bird:129492,5,16.79305556,-93.09888889,E,9
0,MVZ,MVZ:Bird:129493,4,16.79305556,-93.09888889,E,9
1,iNat,39288040,5,16.79295,-93.0783,E,9
1,iNat,17698566,5,16.79283,-93.1731,E,9
1,iNat,10350176,5,16.79278,-93.0786,E,9
1,iNat,12274260,5,16.79278,-93.0783,E,9
1,iNat,73808566,5,16.79231,-99.8198,E,9
1,iNat,24258987,5,16.79227,-93.0804,E,9
1,iNat,1376315,5,16.79207,-95.0754,E,9
1,iNat,827310,5,16.78861,-93.066,E,9
1,iNat,23427827,5,16.78615,-93.173,E,9
1,iNat,68312405,5,16.78028,-93.49,E,9
1,iNat,25217435,5,16.77601,-95.0608,E,9
1,iNat,1558172,5,16.77414,-95.0624,E,9
0,MVZ,MVZ:Bird:129496,5,16.77333333,-93.095,E,9
0,MVZ,MVZ:Bird:129497,5,16.77333333,-93.095,E,9
0,MVZ,MVZ:Bird:129498,5,16.77333333,-93.095,E,9
0,MVZ,MVZ:Bird:129499,5,16.77333333,-93.095,E,9
1,iNat,23765281,5,16.77046,-93.143,E,9
0,MVZ,MVZ:Bird:129494,5,16.76944444,-93.07416667,E,9
0,MVZ,MVZ:Bird:129495,5,16.76944444,-93.07416667,E,9
0,MVZ,MVZ:Bird:129500,5,16.76944444,-93.07416667,E,9
1,iNat,23856016,5,16.76933,-93.1444,E,9
1,iNat,37446563,5,16.76155,-93.143,E,9
1,iNat,66349590,5,16.76133,-93.1431,E,9
1,iNat,24649399,5,16.76063,-93.1443,E,9
1,iNat,79366154,5,16.76039,-93.1453,E,9
1,iNat,4410071,5,16.75928,-93.1427,E,9
1,iNat,26144956,5,16.75864,-92.9681,E,9
1,iNat,37608250,5,16.75853,-93.5268,E,9
1,iNat,14926261,5,16.75846,-93.1417,E,9
1,iNat,4769819,5,16.75789,-93.1422,E,9
0,WFVZ,7096,5,16.7574649,-95.0152187,E,9
1,iNat,6677532,5,16.75693,-93.1292,E,9
1,iNat,16916581,5,16.75693,-93.1292,E,9
1,iNat,69898349,5,16.75658,-93.1426,E,9
1,iNat,36629663,5,16.75585,-93.5278,E,9
1,iNat,69234710,5,16.75584,-92.9707,E,9
1,iNat,73905564,5,16.75359,-99.7717,E,9
0,MVZ,MVZ:Bird:121152,5,16.75277778,-93.49805556,E,9
0,MVZ,MVZ:Bird:121153,5,16.75277778,-93.49805556,E,9
1,iNat,3861799,5,16.75262,-93.0369,E,9
1,iNat,25217621,5,16.74411,-95.0221,E,9
0,WFVZ,4136,5,16.7424673,-93.3285131,E,9
1,iNat,71908946,5,16.73712,-92.9736,E,9
1,iNat,9719476,5,16.72563,-93.0946,E,9
1,iNat,21582063,5,16.72546,-93.0927,E,9
1,iNat,22535513,5,16.72384,-93.0923,E,9
1,iNat,66597201,5,16.72177,-93.1409,E,9
1,iNat,25331048,5,16.71419,-95.0058,E,9
0,MVZ,MVZ:Bird:129501,5,16.70888889,-93.11666667,E,9
0,MVZ,MVZ:Bird:129502,5,16.70888889,-93.11666667,E,9
0,MVZ,MVZ:Bird:129503,5,16.70888889,-93.11666667,E,9
0,MVZ,MVZ:Bird:129504,5,16.70888889,-93.11666667,E,9
0,MVZ,MVZ:Bird:129505,5,16.70888889,-93.11666667,E,9
0,MVZ,MVZ:Bird:129506,5,16.70888889,-93.11666667,E,9
0,MVZ,MVZ:Bird:129507,5,16.70888889,-93.11666667,E,9
0,MVZ,MVZ:Bird:129508,5,16.70888889,-93.11666667,E,9
1,iNat,57862661,5,16.70173,-92.9983,E,9
0,MVZ,MVZ:Bird:116179,5,16.695,-93.72166667,E,9
0,MVZ,MVZ:Bird:116180,5,16.695,-93.72166667,E,9
1,iNat,23027565,5,16.695,-92.9864,E,9
0,MVZ,MVZ:Bird:129509,5,16.69416667,-93.11666667,E,9
0,MVZ,MVZ:Bird:129511,5,16.69416667,-93.11666667,E,9
1,iNat,84022030,5,16.68998,-95.3366,E,9
1,iNat,23497565,5,16.68834,-93.128,E,9
1,iNat,9137878,5,16.6844,-95.025,E,9
1,iNat,22176739,5,16.66417,-95.0251,E,9
1,iNat,39090063,5,16.66325,-94.7883,E,9
0,MVZ,MVZ:Bird:142277,5,16.65277778,-95.04166667,E,9
0,WFVZ,49060,5,16.6508005,-95.0002183,E,9
1,iNat,9215772,5,16.63309,-93.1247,E,9
0,WFVZ,3958,5,16.6291304,-96.03524,E,9
0,WFVZ,3959,5,16.6291304,-96.03524,E,9
0,WFVZ,3960,5,16.6291304,-96.03524,E,9
0,MLZ,49065,5,16.62354,-96.0322,E,9
0,MLZ,49066,5,16.62354,-96.0322,E,9
0,MLZ,54567,4,16.62354,-96.0322,E,9
0,MLZ,54569,3,16.62354,-96.0322,E,9
0,MLZ,54570,5,16.62354,-96.0322,E,9
1,iNat,3790957,5,16.61869,-94.9761,E,9
1,iNat,23032124,5,16.60633,-94.999,E,9
0,WFVZ,4873,5,16.5974732,-95.0335489,E,9
1,iNat,24489606,5,16.59496,-94.9134,E,9
1,iNat,20197348,5,16.59189,-94.8355,E,9
1,iNat,6875790,5,16.59186,-94.8068,E,9
1,iNat,22393167,5,16.59152,-94.8114,E,9
0,DMNH,53487,5,16.5911201,-93.9851188,E,9
1,iNat,43796431,5,16.58836,-94.8528,E,9
1,iNat,20198404,5,16.58817,-94.831,E,9
1,iNat,64795770,5,16.58766,-94.9027,E,9
1,iNat,12597493,5,16.58645,-93.0813,E,9
1,iNat,2936862,5,16.58619,-94.7372,E,9
1,iNat,57134964,5,16.58612,-94.8784,E,9
1,iNat,39223036,5,16.5858,-94.8734,E,9
1,iNat,102473567,5,16.58495,-94.8715,E,9
1,iNat,13499038,5,16.5839,-94.733,E,9
1,iNat,13417737,5,16.58346,-94.7284,E,9
1,iNat,17418075,5,16.58308,-94.9413,E,9
1,iNat,38816184,5,16.58277,-94.9101,E,9
1,iNat,2936949,5,16.58224,-94.7358,E,9
1,iNat,8903086,5,16.5819,-94.8294,E,9
1,iNat,94032249,5,16.5806,-94.8714,E,9
1,iNat,4291589,5,16.57631,-94.7269,E,9
1,iNat,8675037,5,16.57475,-94.7284,E,9
1,iNat,12475423,5,16.57194,-94.3873,E,9
1,iNat,8683842,5,16.57031,-94.8144,E,9
1,iNat,5139637,5,16.56961,-92.8622,E,9
1,iNat,7103515,5,16.56946,-94.8146,E,9
1,iNat,3790924,5,16.5687,-94.8137,E,9
1,iNat,68840437,5,16.56327,-93.0194,E,9
1,iNat,103840394,5,16.56223,-95.1289,E,9
1,iNat,19524058,5,16.56211,-93.0186,E,9
1,iNat,20821667,5,16.55861,-94.6633,E,9
1,iNat,17757973,5,16.55356,-94.9878,E,9
1,iNat,40182564,5,16.5444,-94.3391,E,9
1,iNat,75569467,5,16.5432,-94.7394,E,9
1,iNat,5533334,5,16.54275,-93.4785,E,9
1,iNat,19443123,5,16.54219,-92.912,E,9
1,iNat,21345491,5,16.53551,-95.2011,E,9
1,iNat,6155499,5,16.53539,-95.2011,E,9
1,iNat,15200110,5,16.53518,-95.201,E,9
1,iNat,13497142,5,16.52781,-94.7814,E,9
1,iNat,8674695,5,16.52497,-94.8223,E,9
1,iNat,59395364,5,16.52349,-94.9561,E,9
1,iNat,63789939,5,16.5181,-94.9479,E,9
1,iNat,35888958,5,16.50328,-94.9988,E,9
0,MLZ,45508,5,16.50223,-94.4343,E,9
0,MLZ,45509,5,16.50223,-94.4343,E,9
1,iNat,32604609,5,16.49564,-95.0082,E,9
1,iNat,81244550,5,16.48996,-95.1548,E,9
1,iNat,82464986,4,16.48992,-95.1548,E,9
1,iNat,1640317,5,16.48992,-95.1548,E,9
1,iNat,5850206,5,16.48992,-95.1548,E,9
1,iNat,39976326,5,16.48314,-95.0469,E,9
1,iNat,41216600,5,16.47981,-94.9934,E,9
0,MVZ,MVZ:Bird:131523,5,16.47916667,-94.44305556,E,9
0,MLZ,50493,5,16.47412,-94.0223,E,9
0,MLZ,50494,5,16.47412,-94.0223,E,9
0,MLZ,50924,5,16.47322,-98.4125,E,9
0,MLZ,50925,5,16.47322,-98.4125,E,9
0,MLZ,50926,5,16.47322,-98.4125,E,9
0,DMNH,53490,5,16.4674801,-94.901886,E,9
0,WFVZ,4133,5,16.4658108,-94.3035334,E,9
0,WFVZ,4134,5,16.4658108,-94.3035334,E,9
0,WFVZ,4135,5,16.4658108,-94.3035334,E,9
1,iNat,33084721,4,16.45986,-95.0191,E,9
1,iNat,10614260,5,16.45528,-95.6251,E,9
1,iNat,80403446,5,16.45157,-94.9443,E,9
1,iNat,32227938,5,16.45117,-94.9457,E,9
1,iNat,96090141,5,16.45112,-94.9608,E,9
1,iNat,34837472,5,16.45109,-94.9604,E,9
1,iNat,69643473,5,16.44378,-94.9565,E,9
0,MLZ,47433,5,16.43705,-94.2155,E,9
0,MLZ,47439,5,16.43705,-94.2155,E,9
0,MLZ,47440,5,16.43705,-94.2155,E,9
1,iNat,17450086,5,16.43672,-95.0214,E,9
1,iNat,1635916,5,16.43609,-94.9318,E,9
1,iNat,13068628,5,16.43206,-95.204,E,9
1,iNat,13068629,5,16.43206,-95.204,E,9
1,iNat,17317834,5,16.4179,-94.4522,E,9
0,MVZ,MVZ:Bird:131524,5,16.39916667,-95.90833333,E,9
0,MVZ,MVZ:Bird:131525,5,16.39916667,-95.90833333,E,9
1,iNat,68191029,5,16.38731,-95.3246,E,9
1,iNat,2591995,5,16.38642,-95.3233,E,9
1,iNat,61272419,5,16.37442,-95.2596,E,9
0,WFVZ,4704,5,16.367486,-94.1668704,E,9
0,WFVZ,4705,5,16.367486,-94.1668704,E,9
0,DMNH,53486,5,16.3674848,-95.3452252,E,9
0,MLZ,54568,5,16.35017,-95.3351,E,9
0,MLZ,59539,5,16.35017,-95.3351,E,9
0,MLZ,59540,5,16.35017,-95.3351,E,9
0,MLZ,59541,5,16.35017,-95.3351,E,9
1,iNat,19379754,5,16.34935,-94.4194,E,9
1,iNat,14865393,5,16.34863,-94.4169,E,9
1,iNat,80108596,5,16.34765,-94.4549,E,9
1,iNat,3692758,5,16.34617,-95.2982,E,9
1,iNat,39998258,5,16.32929,-95.311,E,9
1,iNat,71025775,5,16.32456,-93.8716,E,9
1,iNat,6733725,5,16.32442,-93.5673,E,9
0,WFVZ,2123,5,16.3208173,-95.3552253,E,9
0,WFVZ,2124,5,16.3208173,-95.3552253,E,9
0,WFVZ,3529,5,16.3208173,-95.3552253,E,9
1,iNat,83313261,5,16.30887,-92.4418,E,9
1,iNat,21532208,5,16.30687,-92.5426,E,9
1,iNat,10778178,5,16.30308,-94.5229,E,9
1,iNat,1414601,5,16.30136,-95.2295,E,9
1,iNat,1198320,5,16.29852,-95.2313,E,9
1,iNat,1198843,5,16.29852,-95.2313,E,9
1,iNat,10500507,5,16.29279,-94.546,E,9
0,WFVZ,3962,5,16.2674915,-93.866864,E,10
1,iNat,5301503,5,16.26743,-95.0564,E,10
1,iNat,522023,5,16.25858,-93.9357,E,10
0,WFVZ,9256,5,16.2508238,-92.1334874,E,10
1,iNat,102819658,5,16.24133,-95.1854,E,10
1,iNat,3003144,5,16.23714,-93.8986,E,10
1,iNat,9413195,5,16.22407,-94.1665,E,10
0,MLZ,47432,5,16.20858,-94.1599,E,10
1,iNat,7682917,5,16.19385,-92.267,E,10
1,iNat,86951810,5,16.19295,-92.2619,E,10
1,iNat,88425685,5,16.19209,-92.2734,E,10
1,iNat,22630655,5,16.19148,-94.5041,E,10
1,iNat,1904123,5,16.19121,-92.2737,E,10
1,iNat,18673623,5,16.19022,-92.274,E,10
1,iNat,8763589,5,16.18958,-92.2737,E,10
1,iNat,2910361,5,16.18624,-92.2763,E,10
1,iNat,71343119,5,16.16083,-92.2508,E,10
1,iNat,22899508,5,16.15567,-97.1255,E,10
1,iNat,65595890,5,16.1374,-93.8728,E,10
1,iNat,1208296,5,16.12685,-95.2776,E,10
1,iNat,1208154,5,16.1214,-95.2816,E,10
1,iNat,38612669,5,16.11785,-93.7047,E,10
0,WFVZ,33893,5,16.1008267,-97.1535926,E,10
1,iNat,1333681,5,16.09438,-92.6125,E,10
1,iNat,46304250,5,16.08695,-93.7613,E,10
0,MVZ,MVZ:Bird:129512,5,16.08638889,-93.755,E,10
0,MVZ,MVZ:Bird:129513,5,16.08638889,-93.755,E,10
0,MVZ,MVZ:Bird:129514,5,16.08638889,-93.755,E,10
0,MVZ,MVZ:Bird:129515,5,16.08638889,-93.755,E,10
0,MVZ,MVZ:Bird:129516,5,16.08638889,-93.755,E,10
0,MVZ,MVZ:Bird:129517,5,16.08638889,-93.755,E,10
1,iNat,3936994,5,16.07287,-93.8686,E,10
0,MVZ,MVZ:Bird:129518,5,16.05916667,-93.74305556,E,10
1,iNat,62265740,5,16.04507,-95.3823,E,10
1,iNat,15060421,4,16.04494,-95.3844,E,10
0,MLZ,57382,5,16.04167,-93.75,E,10
0,MLZ,57383,5,16.04167,-93.75,E,10
0,MLZ,57384,5,16.04167,-93.75,E,10
0,MVZ,MVZ:Bird:129519,5,16.03444444,-93.80888889,E,10
0,MVZ,MVZ:Bird:129520,5,16.03444444,-93.80888889,E,10
1,iNat,101762832,5,16.01002,-96.2248,E,10
0,LACM,50362,5,15.9841621,-97.7169442,E,10
0,LACM,50363,5,15.9841621,-97.7169442,E,10
1,iNat,37232975,5,15.97094,-97.6767,E,10
1,iNat,304708,5,15.95935,-97.2036,E,10
0,MVZ,MVZ:Bird:129521,5,15.95638889,-93.66305556,E,10
1,iNat,67961448,5,15.95304,-97.2847,E,10
1,iNat,92285217,5,15.95302,-97.2533,E,10
1,iNat,1658038,5,15.95093,-93.8068,E,10
1,iNat,16461144,5,15.9501,-96.4438,E,10
1,iNat,102396528,5,15.94547,-97.1886,E,10
1,iNat,74631551,5,15.93857,-93.8168,E,10
1,iNat,74631552,5,15.93836,-93.8163,E,10
1,iNat,76026795,5,15.93808,-93.8167,E,10
1,iNat,75944581,5,15.93775,-93.8159,E,10
1,iNat,75944578,5,15.93758,-93.8159,E,10
1,iNat,2632283,5,15.93583,-93.8134,E,10
1,iNat,9623618,5,15.93567,-97.1922,E,10
1,iNat,39709377,5,15.93434,-97.229,E,10
1,iNat,10407738,5,15.92978,-97.238,E,10
1,iNat,6157373,5,15.92638,-96.4186,E,10
1,iNat,12070460,5,15.92638,-96.4186,E,10
1,iNat,22626420,5,15.91759,-96.1848,E,10
1,iNat,4073674,5,15.91194,-95.8497,E,10
1,iNat,6997739,5,15.90068,-95.7581,E,10
1,iNat,35036687,5,15.90001,-96.4152,E,10
1,iNat,68332720,5,15.89999,-96.4151,E,10
1,iNat,38953031,5,15.89399,-95.8639,E,10
1,iNat,15047370,5,15.89331,-93.4679,E,10
1,iNat,31525533,5,15.8875,-93.5233,E,10
1,iNat,38817373,5,15.88699,-96.7139,E,10
1,iNat,92284767,5,15.88254,-97.0941,E,10
1,iNat,12651283,5,15.87586,-96.3218,E,10
1,iNat,40305900,5,15.87475,-96.7202,E,10
1,iNat,40305913,5,15.87475,-96.7202,E,10
1,iNat,40305940,5,15.87475,-96.7202,E,10
1,iNat,40305945,5,15.87475,-96.7202,E,10
1,iNat,40305947,5,15.87475,-96.7202,E,10
1,iNat,78148487,5,15.87279,-96.3099,E,10
1,iNat,6419926,5,15.87198,-97.0767,E,10
1,iNat,78148499,5,15.87131,-96.3069,E,10
1,iNat,9338397,5,15.86708,-97.092,E,10
1,iNat,30994239,5,15.86631,-97.0887,E,10
1,iNat,78148501,5,15.86602,-96.3083,E,10
1,iNat,1389261,5,15.86554,-97.0694,E,10
1,iNat,85934320,5,15.86018,-97.0785,E,10
1,iNat,9466192,5,15.84566,-97.0522,E,10
1,iNat,38300446,5,15.84227,-96.3318,E,10
1,iNat,13795887,5,15.84052,-95.9753,E,10
1,iNat,6926961,5,15.83454,-95.9683,E,10
1,iNat,6926965,5,15.83454,-95.9683,E,10
1,iNat,2974799,5,15.83401,-96.3199,E,10
1,iNat,69772664,5,15.83401,-96.3199,E,10
1,iNat,1136334,5,15.83333,-96.3167,E,10
1,iNat,9744474,5,15.83197,-96.3288,E,10
1,iNat,73696585,5,15.82917,-91.8981,E,10
1,iNat,40987481,5,15.82654,-91.8971,E,10
1,iNat,75252976,5,15.81907,-96.4807,E,10
1,iNat,71130323,5,15.81881,-92.7929,E,10
1,iNat,8793112,5,15.81434,-96.302,E,10
1,iNat,9559916,5,15.81406,-96.0652,E,10
1,iNat,37033103,5,15.79689,-96.0422,E,10
1,iNat,37033104,5,15.79689,-96.0422,E,10
1,iNat,37033105,5,15.79689,-96.0422,E,10
1,iNat,20141927,5,15.79284,-96.0487,E,10
1,iNat,13738301,5,15.79266,-96.055,E,10
1,iNat,3148754,5,15.7924,-96.0542,E,10
1,iNat,22730821,5,15.79099,-96.0902,E,10
1,iNat,22730833,5,15.79099,-96.0902,E,10
1,iNat,22730837,5,15.79099,-96.0902,E,10
1,iNat,22730842,5,15.79099,-96.0902,E,10
1,iNat,22730858,5,15.79099,-96.0902,E,10
1,iNat,1275342,5,15.78991,-96.0534,E,10
1,iNat,2665697,5,15.78988,-96.0518,E,10
1,iNat,2357725,5,15.7896,-96.0495,E,10
1,iNat,9488994,5,15.78912,-96.0539,E,10
1,iNat,9827490,5,15.78912,-96.0539,E,10
1,iNat,38863420,5,15.78912,-96.0539,E,10
1,iNat,6294262,5,15.78869,-96.0881,E,10
1,iNat,6294376,5,15.78869,-96.0881,E,10
1,iNat,38485244,5,15.78839,-96.0533,E,10
1,iNat,10709886,5,15.78837,-96.0544,E,10
1,iNat,5412587,5,15.78829,-96.0936,E,10
1,iNat,5412603,5,15.78829,-96.0936,E,10
1,iNat,5412607,5,15.78829,-96.0936,E,10
1,iNat,10354925,5,15.78803,-96.1376,E,10
1,iNat,10354930,5,15.78803,-96.1376,E,10
1,iNat,18492643,5,15.78707,-96.118,E,10
1,iNat,41866166,5,15.78616,-96.0581,E,10
1,iNat,6314283,5,15.78473,-96.0782,E,10
1,iNat,6314287,5,15.78473,-96.0782,E,10
1,iNat,6314295,5,15.78473,-96.0782,E,10
1,iNat,5473387,5,15.7844,-96.0971,E,10
1,iNat,5473464,5,15.7844,-96.0971,E,10
1,iNat,12587507,5,15.78373,-96.1082,E,10
1,iNat,9051583,5,15.78358,-96.0652,E,10
1,iNat,12973505,5,15.78321,-96.1128,E,10
1,iNat,9368187,5,15.78276,-96.0614,E,10
1,iNat,37068182,5,15.78263,-96.0639,E,10
1,iNat,71502002,5,15.78173,-96.0714,E,10
1,iNat,2717049,5,15.78172,-96.0669,E,10
1,iNat,18394481,5,15.78117,-96.0691,E,10
1,iNat,18394487,5,15.78117,-96.0691,E,10
1,iNat,44415445,5,15.78101,-96.1425,E,10
1,iNat,21488117,5,15.78035,-96.0957,E,10
1,iNat,5618437,5,15.78018,-96.1082,E,10
1,iNat,5618440,5,15.78018,-96.1082,E,10
1,iNat,5618524,5,15.78018,-96.1082,E,10
1,iNat,5618702,5,15.78018,-96.1082,E,10
1,iNat,5618705,5,15.78018,-96.1082,E,10
1,iNat,36969087,5,15.77999,-96.16,E,10
1,iNat,7032266,5,15.77997,-96.1051,E,10
1,iNat,25076312,5,15.77995,-96.16,E,10
1,iNat,20513471,5,15.77899,-96.1584,E,10
1,iNat,6064048,5,15.7783,-96.1102,E,10
1,iNat,6064049,5,15.7783,-96.1102,E,10
1,iNat,6064062,5,15.7783,-96.1102,E,10
1,iNat,18588650,5,15.7782,-96.1202,E,10
1,iNat,8526425,5,15.77801,-96.1026,E,10
1,iNat,6988744,5,15.77755,-96.1086,E,10
1,iNat,5864397,5,15.77739,-96.1045,E,10
1,iNat,5864407,5,15.77739,-96.1045,E,10
1,iNat,5864410,5,15.77739,-96.1045,E,10
1,iNat,6747917,5,15.77693,-96.0979,E,10
1,iNat,5893879,5,15.77669,-96.1061,E,10
1,iNat,30126073,5,15.77652,-96.1003,E,10
1,iNat,5749468,5,15.77649,-96.1057,E,10
1,iNat,5749484,5,15.77649,-96.1057,E,10
1,iNat,5749485,5,15.77649,-96.1057,E,10
1,iNat,5749486,5,15.77649,-96.1057,E,10
1,iNat,5749487,5,15.77649,-96.1057,E,10
1,iNat,5749498,5,15.77649,-96.1057,E,10
1,iNat,5749504,5,15.77649,-96.1057,E,10
1,iNat,5749593,5,15.77649,-96.1057,E,10
1,iNat,17945770,5,15.77635,-96.0964,E,10
1,iNat,5900377,5,15.77622,-96.1067,E,10
1,iNat,32592056,5,15.77589,-96.1126,E,10
1,iNat,12069775,5,15.77581,-96.1081,E,10
1,iNat,12069807,5,15.77581,-96.1081,E,10
1,iNat,12069858,5,15.77581,-96.1081,E,10
1,iNat,12069908,5,15.77581,-96.1081,E,10
1,iNat,5449838,5,15.77573,-96.0981,E,10
1,iNat,48249346,5,15.77537,-96.1059,E,10
1,iNat,65118918,5,15.77514,-96.0968,E,10
1,iNat,65425566,5,15.77507,-96.0934,E,10
1,iNat,7873678,5,15.775,-96.0981,E,10
1,iNat,12560256,5,15.775,-96.0981,E,10
1,iNat,12560257,5,15.775,-96.0981,E,10
1,iNat,17221781,5,15.775,-96.0981,E,10
1,iNat,21470834,5,15.775,-96.0981,E,10
1,iNat,21470845,5,15.775,-96.0981,E,10
1,iNat,21470853,5,15.775,-96.0981,E,10
1,iNat,5202334,5,15.77486,-96.0996,E,10
1,iNat,67672264,5,15.77467,-96.1014,E,10
1,iNat,17223761,5,15.77466,-96.1003,E,10
1,iNat,21862204,5,15.77433,-96.0948,E,10
1,iNat,20742068,5,15.77341,-96.1066,E,10
1,iNat,4890349,5,15.77332,-96.1017,E,10
1,iNat,9543075,5,15.7721,-96.1146,E,10
1,iNat,21028492,5,15.77209,-96.1074,E,10
1,iNat,21028494,5,15.77209,-96.1074,E,10
1,iNat,21028495,5,15.77209,-96.1074,E,10
1,iNat,21028502,5,15.77209,-96.1074,E,10
1,iNat,1292586,5,15.77188,-96.1365,E,10
1,iNat,5811037,5,15.77184,-96.1117,E,10
1,iNat,26763078,5,15.77178,-96.0986,E,10
1,iNat,5576908,5,15.77151,-96.125,E,10
1,iNat,5576930,5,15.77151,-96.125,E,10
1,iNat,5576931,5,15.77151,-96.125,E,10
1,iNat,5576945,5,15.77151,-96.125,E,10
1,iNat,5576957,5,15.77151,-96.125,E,10
1,iNat,14213261,5,15.77151,-96.1194,E,10
1,iNat,37048850,5,15.77137,-96.1023,E,10
1,iNat,9339377,4,15.77118,-96.1113,E,10
1,iNat,17571421,5,15.77098,-96.1025,E,10
1,iNat,9277872,5,15.77075,-96.1349,E,10
1,iNat,111988426,5,15.77074,-96.1327,E,10
1,iNat,1262600,5,15.77071,-96.1341,E,10
1,iNat,5606313,5,15.77068,-96.1252,E,10
1,iNat,5606322,5,15.77068,-96.1252,E,10
1,iNat,5606343,5,15.77068,-96.1252,E,10
1,iNat,5606348,5,15.77068,-96.1252,E,10
1,iNat,40337286,5,15.77067,-96.4469,E,10
1,iNat,40337287,5,15.77067,-96.4469,E,10
1,iNat,41636576,5,15.77067,-96.4469,E,10
1,iNat,7973903,5,15.77057,-96.1005,E,10
1,iNat,7973919,5,15.77057,-96.1005,E,10
1,iNat,40318304,5,15.77055,-96.4442,E,10
1,iNat,40318576,5,15.77055,-96.4442,E,10
1,iNat,6082629,5,15.77052,-96.1254,E,10
1,iNat,6082631,5,15.77052,-96.1254,E,10
1,iNat,6082637,5,15.77052,-96.1254,E,10
1,iNat,6082652,5,15.77052,-96.1254,E,10
1,iNat,5924009,5,15.77045,-96.1383,E,10
1,iNat,5924035,5,15.77045,-96.1383,E,10
1,iNat,5924048,5,15.77045,-96.1383,E,10
1,iNat,18023247,5,15.77044,-96.1124,E,10
1,iNat,26086011,5,15.77044,-96.1145,E,10
1,iNat,26086012,5,15.77044,-96.1145,E,10
1,iNat,83344122,5,15.7701,-96.1945,E,10
1,iNat,17370250,5,15.77002,-96.108,E,10
1,iNat,17370253,5,15.77002,-96.108,E,10
1,iNat,21502031,5,15.76995,-96.134,E,10
1,iNat,21502034,5,15.76995,-96.134,E,10
1,iNat,10208049,5,15.76991,-96.1957,E,10
1,iNat,5449808,5,15.76953,-96.1348,E,10
1,iNat,10216375,5,15.76935,-96.1938,E,10
1,iNat,5926414,5,15.76924,-96.1351,E,10
1,iNat,6512272,5,15.76924,-96.1351,E,10
1,iNat,72703776,5,15.76923,-92.7779,E,10
1,iNat,5228186,5,15.7692,-96.1341,E,10
1,iNat,5228187,5,15.7692,-96.1341,E,10
1,iNat,5228191,5,15.7692,-96.1341,E,10
1,iNat,5228192,5,15.7692,-96.1341,E,10
1,iNat,5228193,5,15.7692,-96.1341,E,10
1,iNat,5228195,5,15.7692,-96.1341,E,10
1,iNat,5228196,5,15.7692,-96.1341,E,10
1,iNat,5228197,5,15.7692,-96.1341,E,10
1,iNat,5228200,5,15.7692,-96.1341,E,10
1,iNat,5228201,5,15.7692,-96.1341,E,10
1,iNat,5228203,5,15.7692,-96.1341,E,10
1,iNat,5228204,5,15.7692,-96.1341,E,10
1,iNat,5228205,5,15.7692,-96.1341,E,10
1,iNat,5228207,5,15.7692,-96.1341,E,10
1,iNat,5228208,5,15.7692,-96.1341,E,10
1,iNat,5228209,5,15.7692,-96.1341,E,10
1,iNat,5228210,5,15.7692,-96.1341,E,10
1,iNat,5228211,5,15.7692,-96.1341,E,10
1,iNat,5228212,5,15.7692,-96.1341,E,10
1,iNat,5228214,5,15.7692,-96.1341,E,10
1,iNat,5228215,5,15.7692,-96.1341,E,10
1,iNat,5228216,5,15.7692,-96.1341,E,10
1,iNat,5228217,5,15.7692,-96.1341,E,10
1,iNat,5303874,5,15.7692,-96.1341,E,10
1,iNat,5539996,5,15.7692,-96.1341,E,10
1,iNat,5565617,5,15.7692,-96.1341,E,10
1,iNat,5565623,5,15.7692,-96.1341,E,10
1,iNat,5750619,5,15.7692,-96.1341,E,10
1,iNat,5750759,5,15.7692,-96.1341,E,10
1,iNat,5867913,5,15.7692,-96.1226,E,10
1,iNat,5960684,5,15.7692,-96.1299,E,10
1,iNat,5960690,5,15.7692,-96.1299,E,10
1,iNat,5960737,5,15.7692,-96.1299,E,10
1,iNat,6065822,5,15.7692,-96.1341,E,10
1,iNat,6065851,5,15.7692,-96.1341,E,10
1,iNat,6105537,5,15.7692,-96.1341,E,10
1,iNat,6105554,5,15.7692,-96.1341,E,10
1,iNat,6105571,5,15.7692,-96.1341,E,10
1,iNat,6105572,5,15.7692,-96.1341,E,10
1,iNat,6155737,5,15.7692,-96.1341,E,10
1,iNat,6155739,5,15.7692,-96.1341,E,10
1,iNat,6163265,5,15.7692,-96.1341,E,10
1,iNat,6163298,5,15.7692,-96.1341,E,10
1,iNat,6163369,5,15.7692,-96.1341,E,10
1,iNat,6163371,5,15.7692,-96.1341,E,10
1,iNat,6163375,5,15.7692,-96.1341,E,10
1,iNat,6163382,5,15.7692,-96.1341,E,10
1,iNat,6163391,5,15.7692,-96.1341,E,10
1,iNat,6226484,5,15.7692,-96.1341,E,10
1,iNat,6226611,5,15.7692,-96.1341,E,10
1,iNat,6610177,5,15.7692,-96.1341,E,10
1,iNat,7654834,5,15.7692,-96.1341,E,10
1,iNat,7654850,5,15.7692,-96.1341,E,10
1,iNat,7654856,5,15.7692,-96.1341,E,10
1,iNat,7951789,5,15.7692,-96.1341,E,10
1,iNat,8261952,5,15.7692,-96.1341,E,10
1,iNat,9444679,5,15.7692,-96.1341,E,10
1,iNat,9687738,5,15.7692,-96.1341,E,10
1,iNat,9687777,5,15.7692,-96.1341,E,10
1,iNat,9687791,5,15.7692,-96.1341,E,10
1,iNat,9687795,5,15.7692,-96.1341,E,10
1,iNat,9687839,5,15.7692,-96.1341,E,10
1,iNat,10129090,5,15.7692,-96.1341,E,10
1,iNat,10129122,5,15.7692,-96.1341,E,10
1,iNat,10129125,5,15.7692,-96.1341,E,10
1,iNat,10129142,5,15.7692,-96.1341,E,10
1,iNat,10355226,5,15.7692,-96.1341,E,10
1,iNat,10355267,5,15.7692,-96.1341,E,10
1,iNat,10355297,5,15.7692,-96.1341,E,10
1,iNat,10355304,5,15.7692,-96.1341,E,10
1,iNat,12018521,5,15.7692,-96.1341,E,10
1,iNat,12018724,5,15.7692,-96.1341,E,10
1,iNat,12018739,5,15.7692,-96.1341,E,10
1,iNat,12018742,5,15.7692,-96.1341,E,10
1,iNat,12018750,5,15.7692,-96.1341,E,10
1,iNat,12018752,5,15.7692,-96.1341,E,10
1,iNat,12018894,5,15.7692,-96.1341,E,10
1,iNat,12560865,5,15.7692,-96.1341,E,10
1,iNat,12560873,5,15.7692,-96.1341,E,10
1,iNat,15240393,5,15.7692,-96.1341,E,10
1,iNat,15240990,5,15.7692,-96.1341,E,10
1,iNat,15240997,5,15.7692,-96.1341,E,10
1,iNat,17221207,5,15.7692,-96.1341,E,10
1,iNat,18184955,5,15.7692,-96.1341,E,10
1,iNat,19208958,5,15.7692,-96.1341,E,10
1,iNat,20159282,5,15.7692,-96.1341,E,10
1,iNat,20159291,5,15.7692,-96.1341,E,10
1,iNat,20159296,5,15.7692,-96.1341,E,10
1,iNat,20159303,5,15.7692,-96.1341,E,10
1,iNat,20159311,5,15.7692,-96.1341,E,10
1,iNat,25950151,5,15.7692,-96.1341,E,10
1,iNat,25950158,5,15.7692,-96.1341,E,10
1,iNat,28027669,5,15.7692,-96.1341,E,10
1,iNat,28027678,5,15.7692,-96.1341,E,10
1,iNat,28067721,5,15.7692,-96.1341,E,10
1,iNat,36738423,5,15.7692,-96.1341,E,10
1,iNat,39561478,5,15.7692,-96.1341,E,10
1,iNat,6539498,5,15.76918,-96.1346,E,10
1,iNat,6539499,5,15.76918,-96.1346,E,10
1,iNat,21722024,5,15.76911,-96.1129,E,10
1,iNat,21722131,5,15.76911,-96.1129,E,10
1,iNat,21722144,5,15.76911,-96.1129,E,10
1,iNat,21722156,5,15.76911,-96.1129,E,10
1,iNat,21029033,5,15.76903,-96.1076,E,10
1,iNat,41128022,5,15.76882,-96.1319,E,10
1,iNat,20916745,5,15.76862,-96.1139,E,10
1,iNat,20916756,5,15.76862,-96.1139,E,10
1,iNat,20916759,5,15.76862,-96.1139,E,10
1,iNat,20916810,5,15.76862,-96.1139,E,10
1,iNat,42374375,5,15.7686,-96.1296,E,10
1,iNat,20742446,5,15.76845,-96.1215,E,10
1,iNat,20742452,5,15.76845,-96.1215,E,10
1,iNat,20742457,5,15.76845,-96.1215,E,10
1,iNat,20742458,5,15.76845,-96.1215,E,10
1,iNat,34436049,5,15.76842,-96.1354,E,10
1,iNat,57217172,5,15.7683,-96.129,E,10
1,iNat,13713231,5,15.76819,-96.1865,E,10
1,iNat,9059026,5,15.7676,-96.1224,E,10
1,iNat,89823203,5,15.7675,-96.1339,E,10
1,iNat,98664428,5,15.76746,-96.1216,E,10
1,iNat,6174176,5,15.76738,-96.1341,E,10
1,iNat,6174182,5,15.76738,-96.1341,E,10
1,iNat,6174255,5,15.76738,-96.1341,E,10
1,iNat,44144909,5,15.76711,-96.1348,E,10
1,iNat,22694388,5,15.76705,-96.1176,E,10
1,iNat,9480294,5,15.76702,-96.1239,E,10
1,iNat,42246716,5,15.76675,-96.1036,E,10
1,iNat,38952633,5,15.76671,-96.1149,E,10
1,iNat,38952632,5,15.76665,-96.1151,E,10
1,iNat,78532958,5,15.76658,-96.1591,E,10
1,iNat,6186424,5,15.76648,-96.1129,E,10
1,iNat,6186425,5,15.76648,-96.1129,E,10
1,iNat,6186426,5,15.76648,-96.1129,E,10
1,iNat,70554512,5,15.76642,-96.1351,E,10
1,iNat,5208714,5,15.76599,-96.1006,E,10
1,iNat,5413813,5,15.76589,-96.1362,E,10
1,iNat,17884932,5,15.76588,-96.1,E,10
1,iNat,9540363,5,15.76515,-96.1202,E,10
1,iNat,7223417,5,15.76502,-96.1386,E,10
1,iNat,89004114,5,15.76494,-96.1388,E,10
1,iNat,72551707,5,15.76465,-96.0991,E,10
1,iNat,69878845,5,15.76463,-96.0979,E,10
1,iNat,19397500,5,15.76446,-96.1245,E,10
1,iNat,28899487,5,15.76432,-96.1246,E,10
1,iNat,77894707,5,15.76425,-96.1131,E,10
1,iNat,24298665,5,15.76416,-96.1135,E,10
1,iNat,24298673,5,15.76416,-96.1135,E,10
1,iNat,24298693,5,15.76416,-96.1135,E,10
1,iNat,49608045,5,15.76416,-96.1255,E,10
1,iNat,5376004,5,15.76393,-96.1218,E,10
1,iNat,5376005,5,15.76393,-96.1218,E,10
1,iNat,1388377,5,15.76388,-96.126,E,10
1,iNat,13583434,5,15.76376,-96.1326,E,10
1,iNat,22694391,5,15.76365,-96.1119,E,10
1,iNat,22694395,5,15.76365,-96.1119,E,10
1,iNat,4872298,5,15.76363,-96.0974,E,10
1,iNat,74542212,5,15.76361,-96.1351,E,10
1,iNat,6250430,5,15.7636,-96.1401,E,10
1,iNat,6649239,5,15.7636,-96.1401,E,10
1,iNat,21444273,5,15.76358,-96.1283,E,10
1,iNat,21444284,5,15.76358,-96.1283,E,10
1,iNat,69802146,5,15.76353,-96.1121,E,10
1,iNat,69802149,5,15.76353,-96.1121,E,10
1,iNat,70175540,5,15.76353,-96.0986,E,10
1,iNat,65727445,5,15.76344,-96.1124,E,10
1,iNat,65727446,5,15.76344,-96.1124,E,10
1,iNat,9695080,5,15.76341,-96.1119,E,10
1,iNat,9695095,5,15.76341,-96.1119,E,10
1,iNat,9695097,5,15.76341,-96.1119,E,10
1,iNat,22798156,5,15.76339,-96.0981,E,10
1,iNat,12759584,5,15.76326,-96.1126,E,10
1,iNat,103500644,5,15.76309,-96.1433,E,10
1,iNat,19217550,5,15.763,-96.1127,E,10
1,iNat,19217551,5,15.763,-96.1127,E,10
1,iNat,4471974,5,15.76276,-96.1412,E,10
1,iNat,19217552,5,15.76276,-96.1127,E,10
1,iNat,21489290,5,15.76242,-96.1212,E,10
1,iNat,4890310,5,15.76223,-96.0989,E,10
1,iNat,72036653,5,15.76202,-96.1238,E,10
1,iNat,5524206,5,15.76198,-96.1242,E,10
1,iNat,5524207,5,15.76198,-96.1242,E,10
1,iNat,5524208,5,15.76198,-96.1242,E,10
1,iNat,42146810,5,15.76183,-96.1378,E,10
1,iNat,70718453,5,15.76173,-96.1381,E,10
1,iNat,71230254,5,15.76172,-96.138,E,10
1,iNat,68587053,5,15.76166,-96.138,E,10
1,iNat,64944440,5,15.76148,-96.124,E,10
1,iNat,71585878,5,15.76127,-96.1241,E,10
1,iNat,59350695,5,15.76124,-96.1233,E,10
1,iNat,15096711,5,15.76121,-96.1004,E,10
1,iNat,8526379,5,15.7607,-96.1237,E,10
1,iNat,103324259,5,15.75949,-96.1338,E,10
1,iNat,10485423,5,15.75814,-96.1333,E,10
1,iNat,52821230,5,15.75793,-96.1333,E,10
1,iNat,72454375,5,15.75566,-96.1455,E,10
1,iNat,5449831,5,15.75541,-96.1438,E,10
1,iNat,5449823,5,15.75525,-96.1426,E,10
1,iNat,26035251,5,15.75474,-96.1314,E,10
1,iNat,4377671,5,15.75471,-96.1291,E,10
1,iNat,106476359,5,15.75471,-96.15,E,10
1,iNat,36815114,5,15.75434,-96.1325,E,10
1,iNat,19341264,5,15.75427,-96.4668,E,10
1,iNat,75231804,5,15.75422,-96.1371,E,10
1,iNat,9070997,5,15.75419,-96.1325,E,10
1,iNat,47942478,5,15.75416,-96.1437,E,10
1,iNat,19234628,5,15.75402,-96.1342,E,10
1,iNat,53623774,5,15.75393,-96.1322,E,10
1,iNat,37225459,5,15.75392,-96.1322,E,10
1,iNat,19340668,5,15.75382,-96.4608,E,10
1,iNat,38107712,5,15.75378,-96.1334,E,10
1,iNat,5257843,5,15.75322,-96.1337,E,10
1,iNat,37885130,5,15.75314,-96.1335,E,10
1,iNat,45876626,5,15.75307,-96.1337,E,10
1,iNat,2188658,5,15.75287,-96.1347,E,10
1,iNat,12473594,5,15.75252,-96.1311,E,10
1,iNat,52059341,5,15.752,-96.1353,E,10
1,iNat,6733787,5,15.75029,-96.1619,E,10
1,iNat,6733819,5,15.75029,-96.1619,E,10
1,iNat,6733866,5,15.75029,-96.1619,E,10
1,iNat,6733901,5,15.75029,-96.1619,E,10
1,iNat,6733906,5,15.75029,-96.1619,E,10
1,iNat,15060346,5,15.75028,-96.1378,E,10
1,iNat,52059348,5,15.75009,-96.1357,E,10
1,iNat,69901398,5,15.749,-96.1903,E,10
1,iNat,34966274,5,15.7477,-96.1549,E,10
1,iNat,4975399,5,15.746,-96.1771,E,10
1,iNat,1485840,5,15.74567,-96.1568,E,10
1,iNat,6670494,5,15.74566,-96.4312,E,10
1,iNat,22182811,5,15.74536,-96.1295,E,10
1,iNat,9027864,5,15.7441,-96.1348,E,10
1,iNat,9263483,5,15.74369,-96.1291,E,10
1,iNat,24630749,5,15.74361,-96.1293,E,10
1,iNat,84172467,5,15.74359,-96.1291,E,10
1,iNat,64548855,5,15.74317,-96.1289,E,10
1,iNat,4844223,5,15.74307,-96.1494,E,10
1,iNat,87223490,5,15.74196,-96.1291,E,10
0,WFVZ,15357,5,15.7408503,-92.2851602,E,10
1,iNat,75740371,5,15.74024,-96.1274,E,10
1,iNat,70460280,5,15.73992,-96.1485,E,10
1,iNat,70452075,5,15.73895,-96.132,E,10
1,iNat,70452077,5,15.73895,-96.132,E,10
1,iNat,70452078,5,15.73895,-96.132,E,10
1,iNat,75500779,5,15.7388,-96.1467,E,10
1,iNat,63853386,5,15.73863,-96.1281,E,10
1,iNat,80042918,5,15.73858,-96.1466,E,10
1,iNat,69421192,5,15.73817,-96.1284,E,10
1,iNat,75452301,5,15.7381,-96.146,E,10
1,iNat,106475546,5,15.73809,-96.1286,E,10
1,iNat,72456742,5,15.73804,-96.1441,E,10
1,iNat,104648854,5,15.73748,-96.1813,E,10
1,iNat,104648860,5,15.73748,-96.1813,E,10
1,iNat,104649144,5,15.73748,-96.1813,E,10
1,iNat,104649149,5,15.73748,-96.1813,E,10
1,iNat,104651056,5,15.73748,-96.1813,E,10
1,iNat,104661654,5,15.73748,-96.1813,E,10
1,iNat,104661664,5,15.73748,-96.1813,E,10
1,iNat,89946865,5,15.73484,-96.1588,E,10
1,iNat,73356915,5,15.73466,-96.159,E,10
1,iNat,73356916,5,15.73466,-96.159,E,10
1,iNat,19181522,5,15.73462,-96.1642,E,10
1,iNat,6743309,5,15.73443,-96.1593,E,10
0,WFVZ,75,5,15.7341771,-96.1502413,E,10
1,iNat,69293200,5,15.73391,-96.1532,E,10
1,iNat,3454585,5,15.73364,-96.1522,E,10
1,iNat,26939462,5,15.73331,-96.1583,E,10
1,iNat,7031527,5,15.7333,-96.1586,E,10
1,iNat,21429693,5,15.73327,-96.1584,E,10
1,iNat,32143992,5,15.73324,-96.1516,E,10
1,iNat,11331180,5,15.73313,-96.1584,E,10
1,iNat,38073785,5,15.73273,-96.158,E,10
1,iNat,9071008,5,15.73268,-96.1524,E,10
1,iNat,82928617,5,15.73236,-96.1565,E,10
1,iNat,9071013,5,15.73155,-96.1525,E,10
1,iNat,68651176,5,15.73152,-96.1585,E,10
1,iNat,68651180,5,15.73151,-96.1581,E,10
1,iNat,86319730,5,15.73141,-96.1589,E,10
1,iNat,22358137,5,15.73108,-96.1579,E,10
1,iNat,22358139,5,15.73108,-96.1579,E,10
1,iNat,34138497,5,15.7306,-96.4542,E,10
1,iNat,5078214,5,15.73047,-96.1555,E,10
1,iNat,1232036,5,15.7298,-96.1845,E,10
1,iNat,1292609,5,15.7298,-96.1845,E,10
1,iNat,1292676,5,15.7298,-96.1845,E,10
1,iNat,1431202,5,15.7298,-96.1845,E,10
1,iNat,1619807,5,15.7298,-96.1845,E,10
1,iNat,5514193,5,15.7298,-96.1845,E,10
1,iNat,5514217,5,15.7298,-96.1845,E,10
1,iNat,6370987,5,15.7298,-96.1845,E,10
1,iNat,63913938,5,15.7298,-96.1845,E,10
1,iNat,73524214,5,15.72615,-96.1675,E,10
1,iNat,62786703,5,15.72567,-96.5763,E,10
1,iNat,44391208,5,15.72556,-96.1614,E,10
1,iNat,1817670,5,15.70238,-96.2203,E,10
1,iNat,74585596,5,15.69663,-93.1996,E,10
1,iNat,69232858,5,15.69164,-96.5458,E,10
1,iNat,20161354,5,15.6858,-96.3073,E,10
1,iNat,16460443,5,15.67464,-96.479,E,10
1,iNat,92905531,5,15.66624,-96.5466,E,10
1,iNat,72278570,5,15.66562,-96.5482,E,10
1,iNat,102582864,5,15.6655,-96.497,E,10
1,iNat,1161095,5,15.66466,-96.5245,E,10
1,iNat,67531415,5,15.66433,-96.5557,E,10
0,LACM,19161,5,15.6641804,-96.4902483,E,10
1,iNat,36470246,5,15.66341,-96.5574,E,10
1,iNat,56671044,5,15.66332,-96.5256,E,10
1,iNat,32129420,5,15.66046,-96.5017,E,10
1,iNat,104235609,5,15.56607,-93.1967,E,10
1,iNat,1896922,5,15.52151,-92.8896,E,10
0,DMNH,53488,5,15.4425,-92.8936111,E,10
0,DMNH,53489,5,15.4425,-92.8936111,E,10
0,MVZ,MVZ:Bird:122312,5,15.44166667,-92.89166667,E,10
0,MVZ,MVZ:Bird:122313,5,15.44166667,-92.89166667,E,10
1,iNat,41337095,5,15.36326,-92.9337,E,10
0,WFVZ,15358,5,15.36281,-92.6548877,E,10
1,iNat,19864175,5,15.31563,-92.8913,E,10
1,iNat,67651721,5,15.31283,-92.8789,E,10
1,iNat,69719632,5,15.31113,-92.8805,E,10
1,iNat,24123317,5,15.30068,-92.9783,E,10
1,iNat,59275910,5,15.29762,-92.978,E,10
1,iNat,5204470,5,15.28429,-92.9579,E,10
1,iNat,5616383,5,15.23392,-92.5815,E,10
1,iNat,5440857,5,15.2277,-92.5939,E,10
1,iNat,17186880,5,15.22298,-92.6873,E,10
1,iNat,17192942,4,15.18945,-92.8858,E,10
1,iNat,16314809,5,15.17322,-92.3293,E,10
1,iNat,8209001,5,15.1713,-92.329,E,10
1,iNat,66642375,5,15.15133,-92.4794,E,10
1,iNat,4992553,5,15.12676,-92.302,E,10
1,iNat,5537270,5,15.12634,-92.3006,E,10
1,iNat,22177010,5,15.10264,-92.1828,E,10
1,iNat,38250357,5,15.10158,-92.1822,E,10
1,iNat,67636153,5,15.10117,-92.5923,E,10
1,iNat,67636154,5,15.10117,-92.5923,E,10
1,iNat,38250372,5,15.09429,-92.1882,E,10
1,iNat,22177328,5,15.09311,-92.181,E,10
1,iNat,1924628,5,15.09256,-92.1808,E,10
1,iNat,67643401,5,15.06975,-92.0777,E,10
1,iNat,1975539,5,15.06878,-92.7555,E,10
1,iNat,21683378,5,15.04389,-92.7189,E,10
1,iNat,84966668,5,15.03464,-92.3975,E,10
1,iNat,53717873,5,14.99582,-92.1671,E,10
0,MLZ,36934,5,14.99279,-92.1664,E,10
0,MLZ,36935,3,14.99279,-92.1664,E,10
0,MLZ,36936,5,14.99279,-92.1664,E,10
0,MLZ,36937,5,14.99279,-92.1664,E,10
0,MLZ,36939,5,14.99279,-92.1664,E,10
0,MLZ,36940,5,14.99279,-92.1664,E,10
0,MLZ,36944,5,14.99279,-92.1664,E,10
0,MLZ,36963,4,14.99279,-92.1664,E,10
0,MLZ,36964,5,14.99279,-92.1664,E,10
0,MLZ,37619,5,14.99279,-92.1664,E,10
1,iNat,67071877,5,14.95889,-92.1962,E,10
1,iNat,69630462,5,14.93414,-92.1986,E,10
1,iNat,89435229,3,14.92864,-92.4049,E,10
1,iNat,37513358,5,14.928,-92.188,E,10
1,iNat,61625330,5,14.92303,-92.1817,E,10
1,iNat,65755086,5,14.92037,-92.3767,E,10
1,iNat,7689834,5,14.91989,-92.3808,E,10
1,iNat,57159821,5,14.91947,-92.2724,E,10
1,iNat,65588574,5,14.88924,-92.2784,E,10